rowid,legislator_id,type,state,start,end,class,party,district,how,party_affiliations,url,caucus,address,phone,fax,contact_form,office,state_rank,rss_url,end-type
1,B000226,sen,DE,1789-03-04,1793-03-03,2,Anti-Administration,,,,,,,,,,,,,
2,B000546,rep,VA,1789-03-04,1791-03-03,,,9,,,,,,,,,,,,
3,B001086,rep,SC,1789-03-04,1791-03-03,,,2,,,,,,,,,,,,
4,C000187,rep,MD,1789-03-04,1791-03-03,,,6,,,,,,,,,,,,
5,C000538,rep,PA,1789-03-04,1791-03-03,,,-1,,,,,,,,,,,,
6,C000710,rep,MD,1789-03-04,1791-03-03,,,3,,,,,,,,,,,,
7,D000013,sen,MA,1789-03-04,1791-03-03,1,Pro-Administration,,,,,,,,,,,,,
8,E000155,sen,NJ,1789-03-04,1791-03-03,1,Pro-Administration,,,,,,,,,,,,,
9,F000100,sen,GA,1789-03-04,1793-03-03,2,Anti-Administration,,,,,,,,,,,,,
10,F000224,rep,NY,1789-03-04,1791-03-03,,,1,,,,,,,,,,,,
11,G000012,rep,MD,1789-03-04,1791-03-03,,,5,,,,,,,,,,,,
12,G000403,sen,VA,1789-03-04,1791-03-03,1,Anti-Administration,,,,,,,,,,,,,
13,G000500,rep,MA,1789-03-04,1791-03-03,,,8,,,,,,,,,,,,
14,H000368,sen,NC,1789-03-04,1795-03-03,3,Pro-Administration,,,,,,,,,,,,,
15,H000995,rep,CT,1789-03-04,1791-03-03,,,-1,,,,,,,,,,,,
16,I000053,sen,SC,1789-03-04,1795-03-03,3,Pro-Administration,,,,,,,,,,,,,
17,J000182,sen,CT,1789-03-04,1791-12-31,3,Pro-Administration,,,,,,,,,,,,,
18,J000198,sen,NC,1789-03-04,1793-03-03,2,Pro-Administration,,,,,,,,,,,,,
19,L000201,sen,VA,1789-03-04,1793-03-03,2,Anti-Administration,,,,,,,,,,,,,
20,M000031,sen,PA,1789-03-04,1791-03-03,1,Anti-Administration,,,,,,,,,,,,,
21,M000234,rep,GA,1789-03-04,1791-03-03,,,3,,,,,,,,,,,,
22,M000985,sen,PA,1789-03-04,1795-03-03,3,Pro-Administration,,,,,,,,,,,,,
23,P000092,rep,MA,1789-03-04,1791-03-03,,,5,,,,,,,,,,,,
24,P000102,sen,NJ,1789-03-04,1791-03-03,2,Pro-Administration,,,,,,,,,,,,,
25,S000624,rep,MD,1789-03-04,1791-03-03,,,4,,,,,,,,,,,,
26,S000961,rep,MD,1789-03-04,1791-03-03,,,1,,,,,,,,,,,,
27,V000053,rep,NY,1789-03-04,1791-03-03,,,6,,,,,,,,,,,,
28,W000783,rep,PA,1789-03-04,1791-03-03,,,-1,,,,,,,,,,,,
29,D000324,sen,NJ,1790-01-01,1793-03-03,2,Pro-Administration,,,,,,,,,,,,,
30,W000059,sen,VA,1790-01-01,1791-03-03,1,Pro-Administration,,,,,,,,,,,,,
31,A000307,rep,NC,1789-03-04,1791-03-03,,,1,,,,,,,,,,,,
32,A000307,rep,NC,1791-10-24,1793-03-03,,,3,,,,,,,,,,,,
33,B000167,rep,SC,1791-10-24,1793-03-03,,,2,,,,,,,,,,,,
34,B001133,sen,NY,1791-10-24,1797-03-03,1,Republican,,,,,,,,,,,,,
35,C000009,sen,MA,1791-10-24,1797-03-03,1,Federalist,,,,,,,,,,,,,
36,C000185,sen,MD,1789-03-04,1791-03-03,1,Pro-Administration,,,,,,,,,,,,,
37,C000185,sen,MD,1791-10-24,1793-03-03,1,,,,,,,,,,,,,,
38,E000147,sen,CT,1789-03-04,1791-03-03,1,Pro-Administration,,,,,,,,,,,,,
39,E000147,sen,CT,1791-10-24,1797-03-03,1,Federalist,,,,,,,,,,,,,
40,G000139,rep,MA,1789-03-04,1791-03-03,,,3,,,,,,,,,,,,
41,G000139,rep,MA,1791-10-24,1793-03-03,,,3,,,,,,,,,,,,
42,H000916,rep,SC,1789-03-04,1791-03-03,,,3,,,,,,,,,,,,
43,H000916,rep,SC,1791-10-24,1793-03-03,,,3,,,,,,,,,,,,
44,J000036,rep,PA,1791-10-24,1793-03-03,,,3,,,,,,,,,,,,
45,K000158,rep,MD,1791-10-24,1793-03-03,,,1,,,,,,,,,,,,
46,R000091,sen,DE,1789-03-04,1791-03-03,1,Pro-Administration,,,,,,,,,,,,,
47,R000091,sen,DE,1791-10-24,1793-12-31,1,,,,,,,,,,,,,,
48,R000350,sen,VT,1791-10-24,1796-10-15,1,Anti-Administration,,,,,,,,,,,,,
49,S000140,rep,NY,1791-10-24,1793-03-03,,,4,,,,,,,,,,,,
50,S000242,rep,MD,1789-03-04,1791-03-03,,,2,,,,,,,,,,,,
51,S000242,rep,MD,1791-10-24,1793-03-03,,,2,,,,,,,,,,,,
52,S000340,rep,MD,1791-10-24,1793-03-03,,,6,,,,,,,,,,,,
53,S000349,rep,CT,1789-03-04,1791-03-03,,Pro-Administration,-1,,,,,,,,,,,,
54,S000349,sen,CT,1791-10-24,1793-12-31,3,Pro-Administration,,,,,,,,,,,,,
55,S000412,rep,NY,1789-03-04,1791-03-03,,,5,,,,,,,,,,,,
56,S000412,rep,NY,1791-10-24,1793-03-03,,,5,,,,,,,,,,,,
57,S000832,rep,NC,1789-03-04,1791-03-03,,,4,,,,,,,,,,,,
58,S000832,rep,NC,1791-10-24,1793-03-03,,,1,,,,,,,,,,,,
59,S000866,rep,MD,1791-10-24,1793-03-03,,,4,,,,,,,,,,,,
60,S001047,rep,CT,1789-03-04,1791-03-03,,,-1,,,,,,,,,,,,
61,S001047,rep,CT,1791-10-24,1793-03-03,,,-1,,,,,,,,,,,,
62,T000403,rep,SC,1789-03-04,1791-03-03,,,5,,,,,,,,,,,,
63,T000403,rep,SC,1791-10-24,1793-03-03,,,5,,,,,,,,,,,,
64,W000216,rep,GA,1791-10-24,1793-03-03,,,1,,,,,,,,,,,,
65,W000352,rep,VA,1789-03-04,1791-03-03,,,1,,,,,,,,,,,,
66,W000352,rep,VA,1791-10-24,1793-03-03,,,1,,,,,,,,,,,,
67,W000551,rep,NC,1789-03-04,1791-03-03,,Federalist,2,,,,,,,,,,,,
68,W000551,rep,NC,1791-10-24,1793-03-03,,Federalist,4,,,,,,,,,,,,
69,W000560,rep,GA,1791-10-24,1793-03-03,,,3,,,,,,,,,,,,
70,E000075,sen,KY,1792-01-01,1795-03-03,3,Anti-Administration,,,,,,,,,,,,,
71,P000473,sen,MD,1793-01-10,1796-10-14,1,Federalist,,,,,,,,,,,,,
72,A000280,rep,PA,1793-12-02,1795-03-03,,,-1,,,,,,,,,,,,
73,B000282,rep,NJ,1793-12-02,1795-03-03,,,-1,,,,,,,,,,,,
74,B000661,rep,NJ,1789-03-04,1791-03-03,,,-1,,,,,,,,,,,,
75,B000661,rep,NJ,1791-10-24,1793-03-03,,,-1,,,,,,,,,,,,
76,B000661,rep,NJ,1793-12-02,1795-03-03,,,-1,,,,,,,,,,,,
77,B000671,rep,MA,1791-10-24,1793-03-03,,,5,,,,,,,,,,,,
78,B000671,rep,MA,1793-12-02,1795-03-03,,,3,,,,,,,,,,,,
79,B000739,sen,RI,1793-12-02,1797-12-31,2,Federalist,,,,,,,,,,,,,
80,C000012,rep,NJ,1789-03-04,1791-03-03,,,-1,,,,,,,,,,,,
81,C000012,rep,NJ,1793-12-02,1795-03-03,,,-1,,,,,,,,,,,,
82,C000163,rep,GA,1793-12-02,1795-03-03,,,0,,,,,,,,,,,,
83,C000418,rep,NJ,1791-10-24,1793-03-03,,,-1,,,,,,,,,,,,
84,C000418,rep,NJ,1793-12-02,1795-03-03,,,-1,,,,,,,,,,,,
85,C000545,rep,MA,1793-12-02,1795-03-03,,,-1,,,,,,,,,,,,
86,C000591,rep,MA,1793-12-02,1795-03-03,,,3,,,,,,,,,,,,
87,D000157,rep,NC,1793-12-02,1795-03-03,,Anti-Administration,8,,,,,,,,,,,,
88,E000060,rep,MD,1793-12-02,1795-03-03,,,3,,,,,,,,,,,,
89,F000178,rep,PA,1789-03-04,1791-03-03,,,-1,,,,,,,,,,,,
90,F000178,rep,PA,1791-10-24,1793-03-03,,,1,,,,,,,,,,,,
91,F000178,rep,PA,1793-12-02,1795-03-03,,,-1,,,,,,,,,,,,
92,F000282,rep,MD,1793-12-02,1795-03-03,,,3,,,,,,,,,,,,
93,F000368,sen,NJ,1793-12-02,1797-03-03,2,Federalist,,,,,,,,,,,,,
94,G000211,rep,SC,1793-12-02,1795-03-03,,,5,,,,,,,,,,,,
95,G000311,rep,NY,1791-10-24,1793-03-03,,,6,,,,,,,,,,,,
96,G000311,rep,NY,1793-12-02,1795-03-03,,,9,,,,,,,,,,,,
97,G000466,rep,VA,1789-03-04,1791-03-03,,,10,,,,,,,,,,,,
98,G000466,rep,VA,1791-10-24,1793-03-03,,,10,,,,,,,,,,,,
99,G000466,rep,VA,1793-12-02,1795-03-03,,,13,,,,,,,,,,,,
100,H000750,rep,MA,1793-12-02,1795-03-03,,,1,,,,,,,,,,,,
101,I000035,rep,PA,1793-12-02,1795-03-03,,,-1,,,,,,,,,,,,
102,L000178,rep,CT,1791-10-24,1793-03-03,,,-1,,,,,,,,,,,,
103,L000178,rep,CT,1793-12-02,1795-03-03,,,-1,,,,,,,,,,,,
104,L000200,rep,VA,1789-03-04,1791-03-03,,,4,,,,,,,,,,,,
105,L000200,rep,VA,1791-10-24,1793-03-03,,,4,,,,,,,,,,,,
106,L000200,rep,VA,1793-12-02,1795-03-03,,,17,,,,,,,,,,,,
107,M000166,sen,NC,1793-12-02,1799-03-03,2,Republican,,,,,,,,,,,,,
108,M000424,rep,NC,1793-12-02,1795-03-03,,,1,,,,,,,,,,,,
109,M000622,rep,NC,1793-12-02,1795-03-03,,,4,,,,,,,,,,,,
110,M000645,rep,MD,1791-10-24,1793-03-03,,,3,,,,,,,,,,,,
111,M000645,rep,MD,1793-12-02,1795-03-03,,,2,,,,,,,,,,,,
112,M000828,sen,CT,1793-12-02,1795-03-03,3,Pro-Administration,,,,,,,,,,,,,
113,M000873,rep,PA,1793-12-02,1795-03-03,,,-1,,,,,,,,,,,,
114,N000055,rep,VA,1793-12-02,1795-03-03,,,3,,,,,,,,,,,,
115,N000109,rep,VT,1791-10-24,1793-03-03,,,2,,,,,,,,,,,,
116,N000109,rep,VT,1793-12-02,1795-03-03,,,2,,,,,,,,,,,,
117,P000320,rep,SC,1793-12-02,1795-03-03,,,6,,,,,,,,,,,,
118,S000186,rep,PA,1789-03-04,1791-03-03,,,-1,,,,,,,,,,,,
119,S000186,rep,PA,1793-12-02,1795-03-03,,,-1,,,,,,,,,,,,
120,S001009,sen,MA,1789-03-04,1793-03-03,2,Pro-Administration,,,,,,,,,,,,,
121,S001009,sen,MA,1793-12-02,1797-03-03,2,Federalist,,,,,,,,,,,,,
122,T000019,rep,NY,1793-12-02,1795-03-03,,,10,,,,,,,,,,,,
123,T000361,rep,NY,1791-10-24,1793-03-03,,,1,,,,,,,,,,,,
124,T000361,rep,NY,1793-12-02,1795-03-03,,,2,,,,,,,,,,,,
125,V000039,rep,NY,1793-12-02,1795-03-03,,,4,,,,,,,,,,,,
126,V000104,rep,DE,1789-03-04,1791-03-03,,Pro-Administration,0,,,,,,,,,,,,
127,V000104,rep,DE,1791-10-24,1793-03-03,,Pro-Administration,0,,,,,,,,,,,,
128,V000104,sen,DE,1793-12-02,1799-03-03,2,Federalist,,,,,,,,,,,,,
129,W000013,rep,CT,1789-03-04,1791-03-03,,,-1,,,,,,,,,,,,
130,W000013,rep,CT,1791-10-24,1793-03-03,,,-1,,,,,,,,,,,,
131,W000013,rep,CT,1793-12-02,1795-03-03,,,-1,,,,,,,,,,,,
132,W000051,rep,VA,1793-12-02,1795-03-03,,,14,,,,,,,,,,,,
133,W000127,rep,MA,1791-10-24,1793-03-03,,,7,,,,,,,,,,,,
134,W000127,rep,MA,1793-12-02,1795-03-03,,,2,,,,,,,,,,,,
135,W000211,rep,NY,1793-12-02,1795-03-03,,,1,,,,,,,,,,,,
136,W000491,rep,NC,1793-12-02,1795-03-03,,,10,,,,,,,,,,,,
137,W000633,sen,NH,1789-03-04,1793-03-03,2,Anti-Administration,,,,,,,,,,,,,
138,W000633,rep,NH,1793-12-02,1795-03-03,,,-1,,,,,,,,,,,,
139,T000107,sen,VA,1794-01-01,1799-03-03,2,Republican,,,,,,,,,,,,,
140,W000114,sen,GA,1795-11-16,1796-02-20,2,Federalist,,,,,,,,,,,,,
141,A000174,rep,MA,1789-03-04,1791-03-03,,Federalist,1,,,,,,,,,,,,
142,A000174,rep,MA,1791-10-24,1793-03-03,,Federalist,1,,,,,,,,,,,,
143,A000174,rep,MA,1793-12-02,1795-03-03,,Federalist,1,,,,,,,,,,,,
144,A000174,rep,MA,1795-12-07,1797-03-03,,Federalist,8,,,,,,,,,,,,
145,B000474,sen,PA,1795-12-07,1801-03-03,3,Federalist,,,,,,,,,,,,,
146,B000563,rep,NC,1789-03-04,1791-03-03,,,3,,,,,,,,,,,,
147,B000563,sen,NC,1795-12-07,1801-03-03,3,Republican,,,,,,,,,,,,,
148,B000669,rep,RI,1789-03-04,1791-03-03,,Federalist,1,,,,,,,,,,,,
149,B000669,rep,RI,1791-10-24,1793-03-03,,Federalist,1,,,,,,,,,,,,
150,B000669,rep,RI,1793-12-02,1795-03-03,,Federalist,-1,,,,,,,,,,,,
151,B000669,rep,RI,1795-12-07,1797-03-03,,Federalist,-1,,,,,,,,,,,,
152,B001014,rep,VT,1795-12-07,1797-03-03,,Federalist,2,,,,,,,,,,,,
153,C000624,rep,VA,1789-03-04,1791-03-03,,Republican,6,,,,,,,,,,,,
154,C000624,rep,VA,1793-12-02,1795-03-03,,Republican,6,,,,,,,,,,,,
155,C000624,rep,VA,1795-12-07,1797-03-03,,Republican,6,,,,,,,,,,,,
156,C000848,rep,MD,1795-12-07,1797-03-03,,Federalist,3,,,,,,,,,,,,
157,D000178,rep,MA,1793-12-02,1795-03-03,,Republican,4,,,,,,,,,,,,
158,D000178,rep,MA,1795-12-07,1797-03-03,,Republican,12,,,,,,,,,,,,
159,D000578,rep,MD,1793-12-02,1795-03-03,,Republican,2,,,,,,,,,,,,
160,D000578,rep,MD,1795-12-07,1797-03-03,,Republican,2,,,,,,,,,,,,
161,E000010,rep,SC,1795-12-07,1797-03-03,,Republican,6,,,,,,,,,,,,
162,G000173,rep,NY,1793-12-02,1795-03-03,,Federalist,6,,,,,,,,,,,,
163,G000173,rep,NY,1795-12-07,1797-03-03,,Federalist,6,,,,,,,,,,,,
164,G000434,rep,KY,1791-10-24,1793-03-03,,Republican,1,,,,,,,,,,,,
165,G000434,rep,KY,1793-12-02,1795-03-03,,Republican,1,,,,,,,,,,,,
166,G000434,rep,KY,1795-12-07,1797-03-03,,Republican,1,,,,,,,,,,,,
167,G000526,sen,GA,1789-03-04,1795-03-03,3,Federalist,,,,,,,,,,,,,
168,G000526,sen,GA,1795-12-07,1801-03-03,3,Federalist,,,,,,,,,,,,,
169,H000148,rep,VA,1793-12-02,1795-03-03,,,5,,,,,,,,,,,,
170,H000148,rep,VA,1795-12-07,1797-03-03,,Federalist,5,,,,,,,,,,,,
171,H000348,rep,NY,1789-03-04,1791-03-03,,Republican,4,,,,,,,,,,,,
172,H000348,rep,NY,1795-12-07,1797-03-03,,Republican,4,,,,,,,,,,,,
173,H000431,rep,VA,1793-12-02,1795-03-03,,Republican,19,,,,,,,,,,,,
174,H000431,rep,VA,1795-12-07,1797-03-03,,Republican,19,,,,,,,,,,,,
175,H000488,rep,NJ,1795-12-07,1797-03-03,,Federalist,-1,,,,,,,,,,,,
176,H000508,sen,MD,1789-03-04,1795-03-03,3,Pro-Administration,,,,,,,,,,,,,
177,H000508,sen,MD,1795-12-07,1797-12-31,3,Federalist,,,,,,,,,,,,,
178,L000067,sen,NH,1789-03-04,1795-03-03,3,Democratic Republican,,,,,,,,,,,,,
179,L000067,sen,NH,1795-12-07,1801-03-03,3,Republican,,,,,,,,,,,,,
180,L000246,rep,MA,1789-03-04,1791-03-03,,Federalist,7,,,,,,,,,,,,
181,L000246,rep,MA,1791-10-24,1793-03-03,,Federalist,6,,,,,,,,,,,,
182,L000246,rep,MA,1795-12-07,1797-03-03,,Federalist,7,,,,,,,,,,,,
183,L000530,rep,MA,1793-12-02,1795-03-03,,Republican,2,,,,,,,,,,,,
184,L000530,rep,MA,1795-12-07,1797-03-03,,Republican,2,,,,,,,,,,,,
185,M000155,sen,KY,1795-12-07,1801-03-03,3,Federalist,,,,,,,,,,,,,
186,M001063,rep,PA,1789-03-04,1791-03-03,,Pro-administration,-1,,,,,,,,,,,,
187,M001063,rep,PA,1791-10-24,1793-03-03,,Anti-administration,2,,,,,,,,,,,,
188,M001063,rep,PA,1793-12-02,1795-03-03,,Anti-administration,-1,,,,,,,,,,,,
189,M001063,rep,PA,1795-12-07,1797-03-03,,Republican,2,,,,,,,,,,,,
190,M001119,rep,MD,1791-10-24,1793-03-03,,Federalist,5,,,,,,,,,,,,
191,M001119,rep,MD,1793-12-02,1795-03-03,,Federalist,8,,,,,,,,,,,,
192,M001119,rep,MD,1795-12-07,1797-03-03,,Federalist,8,,,,,,,,,,,,
193,O000101,rep,KY,1791-10-24,1793-03-03,,Republican,2,,,,,,,,,,,,
194,O000101,rep,KY,1793-12-02,1795-03-03,,Republican,2,,,,,,,,,,,,
195,O000101,rep,KY,1795-12-07,1797-03-03,,Republican,2,,,,,,,,,,,,
196,P000018,rep,VA,1789-03-04,1791-03-03,,Republican,7,,,,,,,,,,,,
197,P000018,rep,VA,1791-10-24,1793-03-03,,Republican,7,,,,,,,,,,,,
198,P000018,rep,VA,1793-12-02,1795-03-03,,Republican,12,,,,,,,,,,,,
199,P000018,rep,VA,1795-12-07,1797-03-03,,Republican,12,,,,,,,,,,,,
200,P000026,sen,VT,1795-12-07,1801-03-03,3,Federalist,,,,,,,,,,,,,
201,P000108,rep,DE,1793-12-02,1795-03-03,,Republican,0,,,,,,,,,,,,
202,P000108,rep,DE,1795-12-07,1797-03-03,,Republican,0,,,,,,,,,,,,
203,P000514,rep,VA,1793-12-02,1795-03-03,,Republican,4,,,,,,,,,,,,
204,P000514,rep,VA,1795-12-07,1797-03-03,,Republican,4,,,,,,,,,,,,
205,R000092,sen,SC,1795-12-07,1801-03-03,3,Federalist,,,,,,,,,,,,,
206,R000215,rep,PA,1795-12-07,1797-03-03,,Republican,4,,,,,,,,,,,,
207,R000548,rep,VA,1793-12-02,1795-03-03,,Republican,1,,,,,,,,,,,,
208,R000548,rep,VA,1795-12-07,1797-03-03,,Republican,1,,,,,,,,,,,,
209,S000339,rep,NH,1793-12-02,1795-03-03,,Republican,-1,,,,,,,,,,,,
210,S000339,rep,NH,1795-12-07,1797-03-03,,Republican,-1,,,,,,,,,,,,
211,S000555,rep,NJ,1795-12-07,1797-03-03,,Federalist,-1,,,,,,,,,,,,
212,S000753,rep,MD,1793-12-02,1795-03-03,,Republican,4,,,,,,,,,,,,
213,S000753,rep,MD,1795-12-07,1797-03-03,,Republican,4,,,,,,,,,,,,
214,S001029,rep,NC,1795-12-07,1797-03-03,,Federalist,4,,,,,,,,,,,,
215,S001119,rep,CT,1793-12-02,1795-03-03,,Federalist,-1,,,,,,,,,,,,
216,S001119,rep,CT,1795-12-07,1797-03-03,,Federalist,-1,,,,,,,,,,,,
217,T000050,rep,NC,1795-12-07,1797-03-03,,Republican,4,,,,,,,,,,,,
218,T000389,rep,CT,1789-03-04,1791-03-03,,Federalist,-1,,,,,,,,,,,,
219,T000389,rep,CT,1791-10-24,1793-03-03,,Federalist,-1,,,,,,,,,,,,
220,T000389,rep,CT,1793-12-02,1795-03-03,,Federalist,-1,,,,,,,,,,,,
221,T000389,sen,CT,1795-12-07,1797-03-03,3,Federalist,,,,,,,,,,,,,
222,W000377,rep,TN,1793-12-02,1795-03-03,,,-1,,,,,,,,,,,,
223,W000377,rep,TN,1795-12-07,1797-03-03,,,-1,,,,,,,,,,,,
224,B000570,sen,TN,1796-01-01,1797-12-31,2,Republican,,,,,,,,,,,,,
225,G000286,rep,MA,1789-03-04,1791-03-03,,Federalist,2,,,,,,,,,,,,
226,G000286,rep,MA,1791-10-24,1793-03-03,,Federalist,2,,,,,,,,,,,,
227,G000286,rep,MA,1793-12-02,1795-03-03,,Federalist,1,,,,,,,,,,,,
228,G000286,rep,MA,1795-06-08,1796-06-11,,Federalist,1,,,,,,,,,,,,
229,G000286,sen,MA,1796-06-11,1797-03-03,1,Federalist,,,,,,,,,,,,,
230,G000286,sen,MA,1797-03-04,1800-11-08,1,Federalist,,,,,,,,,,,,,
231,H000841,sen,MD,1796-12-05,1797-03-04,1,Federalist,,,,,,,,,,,,,
232,H000841,sen,MD,1797-03-04,1803-03-03,1,Federalist,,,,,,,,,,,,,
233,H000982,rep,SC,1793-12-02,1795-03-03,,,2,,,,,,,,,,,,
234,H000982,sen,SC,1796-01-01,1799-03-03,2,Republican,,,,,,,,,,,,,
235,L000120,rep,NY,1789-03-04,1791-03-03,,,2,,,,,,,,,,,,
236,L000120,rep,NY,1791-10-24,1793-03-03,,,2,,,,,,,,,,,,
237,L000120,sen,NY,1796-01-01,1801-03-03,3,Federalist,,,,,,,,,,,,,
238,T000052,sen,GA,1796-01-01,1799-03-03,2,Republican,,,,,,,,,,,,,
239,A000129,rep,CT,1797-05-15,1799-03-03,,Federalist,-1,,,,,,,,,,,,
240,B000396,rep,SC,1793-12-02,1795-03-03,,Republican,3,,,,,,,,,,,,
241,B000396,rep,SC,1795-12-07,1797-03-03,,Republican,3,,,,,,,,,,,,
242,B000396,rep,SC,1797-05-15,1799-03-03,,Republican,3,,,,,,,,,,,,
243,B000735,rep,MA,1795-12-07,1797-03-03,,Federalist,11,,,,,,,,,,,,
244,B000735,rep,MA,1797-05-15,1799-03-03,,Federalist,11,,,,,,,,,,,,
245,B000875,rep,NY,1797-05-15,1799-03-03,,Federalist,5,,,,,,,,,,,,
246,B000991,rep,NC,1795-12-07,1797-03-03,,Republican,10,,,,,,,,,,,,
247,B000991,rep,NC,1797-05-15,1799-03-03,,Republican,10,,,,,,,,,,,,
248,B001053,rep,MA,1797-05-15,1799-03-03,,Federalist,7,,,,,,,,,,,,
249,B001081,rep,NC,1795-12-07,1797-03-03,,Republican,8,,,,,,,,,,,,
250,B001081,rep,NC,1797-05-15,1799-03-03,,Republican,8,,,,,,,,,,,,
251,C000313,rep,PA,1797-05-15,1799-03-03,,Federalist,4,,,,,,,,,,,,
252,C000369,sen,VT,1797-05-15,1803-03-03,1,Federalist,,,,,,,,,,,,,
253,C000563,rep,NY,1797-05-15,1799-03-03,,Federalist,10,,,,,,,,,,,,
254,C000600,rep,CT,1793-12-02,1795-03-03,,Federalist,-1,,,,,,,,,,,,
255,C000600,rep,CT,1795-12-07,1797-03-03,,Federalist,-1,,,,,,,,,,,,
256,C000600,rep,CT,1797-05-15,1799-03-03,,Federalist,-1,,,,,,,,,,,,
257,D000073,rep,CT,1795-12-07,1797-03-03,,Federalist,-1,,,,,,,,,,,,
258,D000073,rep,CT,1797-05-15,1799-03-03,,Federalist,-1,,,,,,,,,,,,
259,E000089,rep,PA,1795-12-07,1797-03-03,,Federalist,5,,,,,,,,,,,,
260,E000089,rep,PA,1797-05-15,1799-03-03,,Federalist,5,,,,,,,,,,,,
261,F000313,sen,RI,1790-06-12,1791-03-03,1,Federalist,,,,,,,,,,,,,
262,F000313,sen,RI,1791-03-04,1797-03-03,1,Federalist,,,,,,,,,,,,,
263,F000313,sen,RI,1797-05-15,1803-03-03,1,Republican,,,,,,,,,,,,,
264,F000365,rep,MA,1795-12-07,1797-03-03,,Federalist,5,,,,,,,,,,,,
265,F000365,rep,MA,1797-05-15,1799-03-03,,Republican,5,,,,,,,,,,,,
266,H000266,rep,VA,1793-12-02,1795-03-03,,Anti-Administration,10,,,,,,,,,,,,
267,H000266,rep,VA,1795-12-07,1797-03-03,,Republican,10,,,,,,,,,,,,
268,H000266,rep,VA,1797-05-15,1799-03-03,,Republican,10,,,,,,,,,,,,
269,H000803,rep,NY,1797-05-15,1799-03-03,,Federalist,6,,,,,,,,,,,,
270,L000115,rep,DE,1793-12-02,1795-03-03,,Federalist,0,,,,,,,,,,,,
271,L000115,sen,DE,1795-12-07,1797-03-03,1,Federalist,,,,,,,,,,,,,
272,L000115,sen,DE,1797-05-15,1801-12-31,1,Federalist,,,,,,,,,,,,,
273,L000377,sen,MD,1797-05-15,1801-03-03,3,Federalist,,,,,,,,,,,,,
274,L000389,rep,NC,1793-12-02,1795-03-03,,Republican,2,,,,,,,,,,,,
275,L000389,rep,NC,1795-12-07,1797-03-03,,Republican,2,,,,,,,,,,,,
276,L000389,rep,NC,1797-05-15,1799-03-03,,Republican,2,,,,,,,,,,,,
277,M000013,rep,VA,1797-05-15,1799-03-03,,Federalist,3,,,,,,,,,,,,
278,M000226,sen,VA,1794-01-01,1797-03-03,1,Republican,,,,,,,,,,,,,
279,M000226,sen,VA,1797-05-15,1803-03-03,1,Republican,,,,,,,,,,,,,
280,M000256,rep,MD,1797-05-15,1799-03-03,,Federalist,6,,,,,,,,,,,,
281,M000336,rep,PA,1797-05-15,1799-03-03,,Republican,2,,,,,,,,,,,,
282,M000423,rep,NC,1797-05-15,1799-03-03,,Republican,1,,,,,,,,,,,,
283,M000946,rep,VA,1797-05-15,1799-03-03,,Federalist,1,,,,,,,,,,,,
284,P000058,rep,MA,1797-05-15,1799-03-03,,Federalist,12,,,,,,,,,,,,
285,R000448,sen,PA,1794-01-01,1797-03-03,1,Federalist,,,,,,,,,,,,,
286,R000448,sen,PA,1797-05-15,1803-03-03,1,Federalist,,,,,,,,,,,,,
287,R000550,sen,NJ,1791-10-24,1797-03-03,1,Federalist,,,,,,,,,,,,,
288,R000550,sen,NJ,1797-05-15,1799-03-03,1,Federalist,,,,,,,,,,,,,
289,S000154,sen,NY,1789-03-04,1791-03-03,1,Pro-Administration,,,,,,,,,,,,,
290,S000154,sen,NY,1797-05-15,1799-03-03,1,Federalist,,,,,,,,,,,,,
291,S000448,rep,NJ,1789-03-04,1791-03-03,,Federalist,-1,,,,,,,,,,,,
292,S000448,rep,NJ,1797-05-15,1799-03-03,,Federalist,-1,,,,,,,,,,,,
293,S000460,rep,PA,1795-12-07,1797-03-03,,Federalist,4,,,,,,,,,,,,
294,S000460,rep,PA,1797-05-15,1799-03-03,,Federalist,4,,,,,,,,,,,,
295,S000563,rep,NH,1791-10-24,1793-03-03,,Federalist,-1,,,,,,,,,,,,
296,S000563,rep,NH,1793-12-02,1795-03-03,,Federalist,-1,,,,,,,,,,,,
297,S000563,rep,NH,1795-12-07,1797-03-03,,Federalist,-1,,,,,,,,,,,,
298,S000563,rep,NH,1797-05-15,1799-03-03,,Federalist,-1,,,,,,,,,,,,
299,S000595,rep,CT,1795-12-07,1797-03-03,,Federalist,-1,,,,,,,,,,,,
300,S000595,rep,CT,1797-05-15,1799-03-03,,Federalist,-1,,,,,,,,,,,,
301,S000625,rep,SC,1797-05-15,1799-03-03,,Republican,6,,,,,,,,,,,,
302,S000633,rep,SC,1789-03-04,1791-03-03,,Federalist,1,,,,,,,,,,,,
303,S000633,rep,SC,1791-10-24,1793-03-03,,Federalist,1,,,,,,,,,,,,
304,S000633,rep,SC,1793-12-02,1795-03-03,,Federalist,1,,,,,,,,,,,,
305,S000633,rep,SC,1795-12-07,1797-03-03,,Federalist,1,,,,,,,,,,,,
306,S000633,rep,SC,1797-05-15,1799-03-03,,Federalist,1,,,,,,,,,,,,
307,S000743,rep,NH,1797-05-15,1799-03-03,,Federalist,-1,,,,,,,,,,,,
308,S001095,rep,PA,1795-12-07,1797-03-03,,Republican,1,,,,,,,,,,,,
309,S001095,rep,PA,1797-05-15,1799-03-03,,Republican,1,,,,,,,,,,,,
310,T000232,rep,NJ,1795-12-07,1797-03-03,,Federalist,-1,,,,,,,,,,,,
311,T000232,rep,NJ,1797-05-15,1799-03-03,,Federalist,-1,,,,,,,,,,,,
312,V000012,rep,NY,1793-12-02,1795-03-03,,Federalist,7,,,,,,,,,,,,
313,V000012,rep,NY,1795-12-07,1797-03-03,,Federalist,7,,,,,,,,,,,,
314,V000012,rep,NY,1797-05-15,1799-03-03,,Federalist,7,,,,,,,,,,,,
315,W000513,rep,NY,1795-12-07,1797-03-03,,Federalist,9,,,,,,,,,,,,
316,W000513,rep,NY,1797-05-15,1799-03-03,,Federalist,9,,,,,,,,,,,,
317,C000497,sen,DE,1798-01-01,1799-03-03,2,Federalist,,,,,,,,,,,,,
318,H000661,sen,NY,1798-01-01,1799-03-03,1,Federalist,,,,,,,,,,,,,
319,N000142,sen,NY,1798-01-01,1799-03-03,1,Federalist,,,,,,,,,,,,,
320,W000202,sen,NY,1798-01-01,1801-03-03,1,Federalist,,,,,,,,,,,,,
321,B000198,rep,MA,1797-05-15,1799-03-03,,Federalist,11,,,,,,,,,,,,
322,B000198,rep,MA,1799-12-02,1801-03-03,,Federalist,11,,,,,,,,,,,,
323,B000731,rep,CT,1797-05-15,1799-03-03,,Federalist,-1,,,,,,,,,,,,
324,B000731,rep,CT,1799-12-02,1801-03-03,,Federalist,-1,,,,,,,,,,,,
325,B000927,rep,RI,1799-12-02,1801-03-03,,Federalist,-1,,,,,,,,,,,,
326,B000929,rep,VA,1789-03-04,1791-03-03,,,-1,,,,,,,,,,,,
327,B000929,rep,VA,1791-03-04,1792-06-01,,,-1,,,,,,,,,,,,
328,B000929,sen,KY,1792-06-18,1793-03-03,2,Republican,,,,,,,,,,,,,
329,B000929,sen,KY,1793-03-04,1799-03-03,2,Republican,,,,,,,,,,,,,
330,B000929,sen,KY,1799-12-02,1805-03-03,2,Republican,,,,,,,,,,,,,
331,C000382,rep,MD,1793-12-02,1795-03-03,,Republican,6,,,,,,,,,,,,
332,C000382,rep,MD,1795-12-07,1797-03-03,,Republican,6,,,,,,,,,,,,
333,C000382,rep,MD,1799-12-02,1801-03-03,,Republican,6,,,,,,,,,,,,
334,C000572,sen,TN,1796-01-01,1797-03-03,1,Republican,,,,,,,,,,,,,
335,C000572,sen,TN,1799-12-02,1805-03-03,2,Republican,,,,,,,,,,,,,
336,C000764,rep,NY,1795-12-07,1797-03-03,,Federalist,10,,,,,,,,,,,,
337,C000764,rep,NY,1799-12-02,1801-03-03,,Federalist,10,,,,,,,,,,,,
338,C000863,rep,MD,1795-12-07,1797-03-03,,Federalist,3,,,,,,,,,,,,
339,C000863,rep,MD,1797-05-15,1799-03-03,,Federalist,3,,,,,,,,,,,,
340,C000863,rep,MD,1799-12-02,1801-03-03,,Federalist,3,,,,,,,,,,,,
341,D000069,sen,NJ,1798-12-05,1799-03-03,1,Federalist,,,,,,,,,,,,,
342,D000069,rep,NJ,1799-12-02,1801-03-03,,Federalist,5,,,,,,,,,,,,
343,D000165,rep,NJ,1791-10-24,1793-03-03,,Federalist,-1,,,,,,,,,,,,
344,D000165,rep,NJ,1793-12-02,1795-03-03,,Federalist,-1,,,,,,,,,,,,
345,D000165,rep,NJ,1795-12-07,1797-03-03,,Federalist,-1,,,,,,,,,,,,
346,D000165,rep,NJ,1797-05-15,1799-03-03,,Federalist,-1,,,,,,,,,,,,
347,D000165,sen,NJ,1799-12-02,1805-03-03,2,Federalist,,,,,,,,,,,,,
348,D000254,rep,MD,1793-12-02,1795-03-03,,Federalist,1,,,,,,,,,,,,
349,D000254,rep,MD,1795-12-07,1797-03-03,,Federalist,1,,,,,,,,,,,,
350,D000254,rep,MD,1797-05-15,1799-03-03,,Federalist,1,,,,,,,,,,,,
351,D000254,rep,MD,1799-12-02,1801-03-03,,Federalist,1,,,,,,,,,,,,
352,D000296,rep,MA,1793-12-02,1795-03-03,,Federalist,1,,,,,,,,,,,,
353,D000296,sen,MA,1799-12-02,1801-03-03,2,Federalist,,,,,,,,,,,,,
354,D000331,rep,NC,1799-12-02,1801-03-03,,Federalist,1,,,,,,,,,,,,
355,E000052,rep,CT,1797-05-15,1799-03-03,,Federalist,-1,,,,,,,,,,,,
356,E000052,rep,CT,1799-12-02,1801-03-03,,Federalist,-1,,,,,,,,,,,,
357,E000091,rep,VA,1797-05-15,1799-03-03,,Republican,9,,,,,,,,,,,,
358,E000091,rep,VA,1799-12-02,1801-03-03,,Republican,9,,,,,,,,,,,,
359,E000257,rep,VA,1797-05-15,1799-03-03,,Federalist,12,,,,,,,,,,,,
360,E000257,rep,VA,1799-12-02,1801-03-03,,Federalist,12,,,,,,,,,,,,
361,F000364,rep,NH,1797-05-15,1799-03-03,,Federalist,-1,,,,,,,,,,,,
362,F000364,rep,NH,1799-12-02,1801-03-03,,Federalist,-1,,,,,,,,,,,,
363,G000020,rep,PA,1795-12-07,1797-03-03,,Republican,12,,,,,,,,,,,,
364,G000020,rep,PA,1797-05-15,1799-03-03,,Republican,12,,,,,,,,,,,,
365,G000020,rep,PA,1799-12-02,1801-03-03,,Republican,12,,,,,,,,,,,,
366,G000235,rep,NY,1793-12-02,1795-03-03,,Federalist,8,,,,,,,,,,,,
367,G000235,rep,NY,1795-12-07,1797-03-03,,Federalist,8,,,,,,,,,,,,
368,G000235,rep,NY,1797-05-15,1799-03-03,,Federalist,8,,,,,,,,,,,,
369,G000235,rep,NY,1799-12-02,1801-03-03,,Federalist,8,,,,,,,,,,,,
370,G000279,rep,VA,1799-12-02,1801-03-03,,Republican,8,,,,,,,,,,,,
371,G000294,rep,CT,1799-12-02,1801-03-03,,Federalist,-1,,,,,,,,,,,,
372,G000318,rep,NH,1797-05-15,1799-03-03,,Federalist,-1,,,,,,,,,,,,
373,G000318,rep,NH,1799-12-02,1801-03-03,,Federalist,-1,,,,,,,,,,,,
374,G000427,sen,RI,1797-05-15,1799-03-03,2,Federalist,,,,,,,,,,,,,
375,G000427,sen,RI,1799-12-02,1801-12-31,2,Federalist,,,,,,,,,,,,,
376,H000299,rep,PA,1789-03-04,1791-03-03,,Federalist,-1,,,,,,,,,,,,
377,H000299,rep,PA,1791-10-24,1793-03-03,,Federalist,7,,,,,,,,,,,,
378,H000299,rep,PA,1793-12-02,1795-03-03,,Federalist,-1,,,,,,,,,,,,
379,H000299,rep,PA,1795-12-07,1797-03-03,,Federalist,8,,,,,,,,,,,,
380,H000299,rep,PA,1797-05-15,1799-03-03,,Federalist,8,,,,,,,,,,,,
381,H000299,rep,PA,1799-12-02,1801-03-03,,Federalist,8,,,,,,,,,,,,
382,H000359,rep,NY,1795-12-07,1797-03-03,,Republican,2,,,,,,,,,,,,
383,H000359,rep,NY,1797-05-15,1799-03-03,,Republican,2,,,,,,,,,,,,
384,H000359,rep,NY,1799-12-02,1801-03-03,,Republican,2,,,,,,,,,,,,
385,I000011,rep,NJ,1797-05-15,1799-03-03,,Federalist,-1,,,,,,,,,,,,
386,I000011,rep,NJ,1799-12-02,1801-03-03,,Federalist,4,,,,,,,,,,,,
387,J000227,rep,GA,1799-12-02,1801-03-03,,Federalist,-1,,,,,,,,,,,,
388,K000253,rep,PA,1791-10-24,1793-03-03,,Federalist,5,,,,,,,,,,,,
389,K000253,rep,PA,1793-12-02,1795-03-03,,Federalist,-1,,,,,,,,,,,,
390,K000253,rep,PA,1795-12-07,1797-03-03,,Federalist,7,,,,,,,,,,,,
391,K000253,rep,PA,1797-05-15,1799-03-03,,Federalist,7,,,,,,,,,,,,
392,K000253,rep,PA,1799-12-02,1801-03-03,,Federalist,7,,,,,,,,,,,,
393,L000195,rep,VA,1799-12-02,1801-03-03,,Federalist,19,,,,,,,,,,,,
394,L000336,rep,NJ,1799-12-02,1801-03-03,,Republican,3,,,,,,,,,,,,
395,L000364,rep,NH,1789-03-04,1791-03-03,,Federalist,-1,,,,,,,,,,,,
396,L000364,rep,NH,1791-10-24,1793-03-03,,Federalist,-1,,,,,,,,,,,,
397,L000364,sen,NH,1793-12-02,1799-03-03,2,Federalist,,,,,,,,,,,,,
398,L000364,sen,NH,1799-12-02,1801-12-31,2,Federalist,,,,,,,,,,,,,
399,L000528,rep,MA,1795-12-07,1797-03-03,,Federalist,3,,,,,,,,,,,,
400,L000528,rep,MA,1797-05-15,1799-03-03,,Federalist,3,,,,,,,,,,,,
401,L000528,rep,MA,1799-12-02,1801-03-03,,Federalist,3,,,,,,,,,,,,
402,M000157,rep,VA,1799-12-02,1801-03-03,,Federalist,13,,,,,,,,,,,,
403,M000571,rep,OH,1799-12-02,1801-03-03,,,-1,,,,,,,,,,,,
404,N000084,rep,VA,1793-12-02,1795-03-03,,Republican,18,,,,,,,,,,,,
405,N000084,rep,VA,1795-12-07,1797-03-03,,Republican,18,,,,,,,,,,,,
406,N000084,rep,VA,1797-05-15,1799-03-03,,Republican,18,,,,,,,,,,,,
407,N000084,rep,VA,1799-12-02,1801-03-03,,Republican,18,,,,,,,,,,,,
408,N000161,rep,SC,1799-12-02,1801-03-03,,Federalist,6,,,,,,,,,,,,
409,P000021,rep,VA,1799-12-02,1801-03-03,,Federalist,1,,,,,,,,,,,,
410,P000065,rep,VA,1789-03-04,1791-03-03,,Federalist,8,,,,,,,,,,,,
411,P000065,rep,VA,1791-10-24,1793-03-03,,Federalist,8,,,,,,,,,,,,
412,P000065,rep,VA,1793-12-02,1795-03-03,,Federalist,11,,,,,,,,,,,,
413,P000065,rep,VA,1795-12-07,1797-03-03,,Federalist,11,,,,,,,,,,,,
414,P000065,rep,VA,1797-05-15,1799-03-03,,Federalist,11,,,,,,,,,,,,
415,P000065,rep,VA,1799-12-02,1801-03-03,,Federalist,11,,,,,,,,,,,,
416,P000357,rep,SC,1797-05-15,1799-03-03,,Federalist,1,,,,,,,,,,,,
417,P000357,rep,SC,1799-12-02,1801-03-03,,Federalist,1,,,,,,,,,,,,
418,P000381,rep,NY,1799-12-02,1801-03-03,,Federalist,9,,,,,,,,,,,,
419,P000482,rep,VA,1799-12-02,1801-03-03,,Federalist,17,,,,,,,,,,,,
420,R000120,rep,MA,1795-12-07,1797-03-03,,Federalist,6,,,,,,,,,,,,
421,R000120,rep,MA,1797-05-15,1799-03-03,,Federalist,6,,,,,,,,,,,,
422,R000120,rep,MA,1799-12-02,1801-03-03,,Federalist,6,,,,,,,,,,,,
423,S000222,rep,MA,1789-03-04,1791-03-03,,Federalist,4,,,,,,,,,,,,
424,S000222,rep,MA,1791-10-24,1793-03-03,,Federalist,4,,,,,,,,,,,,
425,S000222,rep,MA,1793-12-02,1795-03-03,,Federalist,2,,,,,,,,,,,,
426,S000222,sen,MA,1796-01-01,1799-03-03,2,Federalist,,,,,,,,,,,,,
427,S000222,rep,MA,1799-12-02,1801-03-03,,Federalist,1,,,,,,,,,,,,
428,S000259,rep,MA,1795-12-07,1797-03-03,,Federalist,10,,,,,,,,,,,,
429,S000259,rep,MA,1797-05-15,1799-03-03,,Federalist,10,,,,,,,,,,,,
430,S000259,rep,MA,1799-12-02,1801-03-03,,Federalist,10,,,,,,,,,,,,
431,S000693,rep,NC,1797-05-15,1799-03-03,,Republican,10,,,,,,,,,,,,
432,S000693,rep,NC,1799-12-02,1801-03-03,,Republican,10,,,,,,,,,,,,
433,T000141,rep,MA,1789-03-04,1791-03-03,,Federalist,6,,,,,,,,,,,,
434,T000141,rep,MA,1791-10-24,1793-03-03,,Federalist,8,,,,,,,,,,,,
435,T000141,rep,MA,1793-12-02,1795-03-03,,Federalist,4,,,,,,,,,,,,
436,T000141,rep,MA,1795-12-07,1797-03-03,,Federalist,14,,,,,,,,,,,,
437,T000141,rep,MA,1797-05-15,1799-03-03,,Federalist,14,,,,,,,,,,,,
438,T000141,rep,MA,1799-12-02,1801-03-03,,Federalist,14,,,,,,,,,,,,
439,T000173,rep,MD,1799-12-02,1801-03-03,,Federalist,2,,,,,,,,,,,,
440,T000183,rep,PA,1795-12-07,1797-03-03,,Federalist,3,,,,,,,,,,,,
441,T000183,rep,PA,1797-05-15,1799-03-03,,Federalist,3,,,,,,,,,,,,
442,T000183,rep,PA,1799-12-02,1801-03-03,,Federalist,3,,,,,,,,,,,,
443,W000094,rep,PA,1797-05-15,1799-03-03,,Federalist,1,,,,,,,,,,,,
444,W000094,rep,PA,1799-12-02,1801-03-03,,Federalist,1,,,,,,,,,,,,
445,F000301,rep,MA,1793-12-02,1795-03-03,,Federalist,2,,,,,,,,,,,,
446,F000301,rep,MA,1795-12-07,1797-03-03,,Federalist,4,,,,,,,,,,,,
447,F000301,rep,MA,1797-05-15,1799-03-03,,Federalist,4,,,,,,,,,,,,
448,F000301,sen,MA,1800-01-01,1803-12-31,2,Federalist,,,,,,,,,,,,,
449,H000629,rep,MD,1791-10-24,1793-03-03,,Federalist,2,,,,,,,,,,,,
450,H000629,rep,MD,1793-12-02,1795-03-03,,Federalist,7,,,,,,,,,,,,
451,H000629,rep,MD,1795-12-07,1797-03-03,,Federalist,7,,,,,,,,,,,,
452,H000629,rep,MD,1797-05-15,1799-03-03,,Federalist,7,,,,,,,,,,,,
453,H000629,sen,MD,1800-01-01,1801-03-03,3,Federalist,,,,,,,,,,,,,
454,M000976,sen,NY,1800-01-01,1803-03-03,1,Federalist,,,,,,,,,,,,,
455,B000017,rep,MA,1801-12-07,1803-03-03,,Republican,1,,,,,,,,,,,,
456,B000477,rep,NY,1799-12-02,1801-03-03,,Federalist,6,,,,,,,,,,,,
457,B000477,rep,NY,1801-12-07,1803-03-03,,Federalist,-1,,,,,,,,,,,,
458,B000660,rep,PA,1801-12-07,1803-03-03,,Federalist,7,,,,,,,,,,,,
459,B000787,sen,KY,1801-12-07,1805-12-31,3,Republican,,,,,,,,,,,,,
460,C000005,rep,VA,1795-12-07,1797-03-03,,Republican,14,,,,,,,,,,,,
461,C000005,rep,VA,1797-05-15,1799-03-03,,Republican,14,,,,,,,,,,,,
462,C000005,rep,VA,1799-12-02,1801-03-03,,Republican,14,,,,,,,,,,,,
463,C000005,rep,VA,1801-12-07,1803-03-03,,Republican,14,,,,,,,,,,,,
464,C000627,sen,SC,1801-12-07,1803-03-03,3,Republican,,,,,,,,,,,,,
465,D000138,rep,KY,1797-05-15,1799-03-03,,Republican,1,,,,,,,,,,,,
466,D000138,rep,KY,1799-12-02,1801-03-03,,Republican,1,,,,,,,,,,,,
467,D000138,rep,KY,1801-12-07,1803-03-03,,Republican,1,,,,,,,,,,,,
468,E000114,sen,RI,1801-12-07,1805-03-03,2,Republican,,,,,,,,,,,,,
469,E000153,rep,NY,1797-05-15,1799-03-03,,Republican,4,,,,,,,,,,,,
470,E000153,rep,NY,1799-12-02,1801-03-03,,Republican,4,,,,,,,,,,,,
471,E000153,rep,NY,1801-12-07,1803-03-03,,Republican,4,,,,,,,,,,,,
472,F000054,rep,OH,1801-12-07,1803-03-03,,Federalist,-1,,,,,,,,,,,,
473,F000297,rep,NH,1789-03-04,1791-03-03,,Federalist,-1,,,,,,,,,,,,
474,F000297,rep,NH,1795-12-07,1797-03-03,,Federalist,-1,,,,,,,,,,,,
475,F000297,rep,NH,1797-05-15,1799-03-03,,Federalist,-1,,,,,,,,,,,,
476,F000297,rep,NH,1799-12-02,1801-03-03,,Federalist,-1,,,,,,,,,,,,
477,F000297,rep,NH,1801-12-07,1803-03-03,,Federalist,-1,,,,,,,,,,,,
478,G000428,rep,MS,1801-12-07,1803-03-03,,,-1,,,,,,,,,,,,
479,G000502,rep,NC,1791-10-24,1793-03-03,,Federalist,5,,,,,,,,,,,,
480,G000502,rep,NC,1793-12-02,1795-03-03,,Federalist,7,,,,,,,,,,,,
481,G000502,rep,NC,1795-12-07,1797-03-03,,Federalist,7,,,,,,,,,,,,
482,G000502,rep,NC,1797-05-15,1799-03-03,,Federalist,7,,,,,,,,,,,,
483,G000502,rep,NC,1799-12-02,1801-03-03,,Federalist,7,,,,,,,,,,,,
484,G000502,rep,NC,1801-12-07,1803-03-03,,Federalist,7,,,,,,,,,,,,
485,H000475,rep,NC,1799-12-02,1801-03-03,,Federalist,2,,,,,,,,,,,,
486,H000475,rep,NC,1801-12-07,1803-03-03,,Federalist,2,,,,,,,,,,,,
487,H000611,rep,NC,1799-12-02,1801-03-03,,Federalist,6,,,,,,,,,,,,
488,H000611,rep,NC,1801-12-07,1803-03-03,,Federalist,6,,,,,,,,,,,,
489,H000986,rep,MS,1801-12-07,1803-03-03,,,-1,,,,,,,,,,,,
490,J000012,rep,VA,1795-12-07,1797-03-03,,Republican,3,,,,,,,,,,,,
491,J000012,rep,VA,1799-12-02,1801-03-03,,Republican,3,,,,,,,,,,,,
492,J000012,rep,VA,1801-12-07,1803-03-03,,Republican,3,,,,,,,,,,,,
493,J000017,rep,GA,1789-03-04,1791-03-03,,Republican,1,,,,,,,,,,,,
494,J000017,sen,GA,1793-12-02,1795-12-31,2,Republican,,,,,,,,,,,,,
495,J000017,sen,GA,1801-12-07,1807-03-03,3,Republican,,,,,,,,,,,,,
496,J000123,rep,NC,1801-12-07,1803-03-03,,Republican,8,,,,,,,,,,,,
497,J000258,rep,PA,1801-12-07,1803-03-03,,Republican,1,,,,,,,,,,,,
498,L000204,rep,MA,1799-12-02,1801-03-03,,Federalist,12,,,,,,,,,,,,
499,L000204,rep,MA,1801-12-07,1803-03-03,,Federalist,12,,,,,,,,,,,,
500,L000316,rep,MA,1799-12-02,1801-03-03,,Republican,4,,,,,,,,,,,,
501,L000316,rep,MA,1801-12-07,1803-03-03,,Republican,4,,,,,,,,,,,,
502,L000401,sen,PA,1801-12-07,1807-03-03,3,Republican,,,,,,,,,,,,,
503,M000259,rep,MA,1799-12-02,1801-03-03,,Federalist,3,,,,,,,,,,,,
504,M000259,rep,MA,1801-12-07,1803-03-03,,Federalist,3,,,,,,,,,,,,
505,M000983,rep,VT,1797-05-15,1799-03-03,,Federalist,2,,,,,,,,,,,,
506,M000983,rep,VT,1799-12-02,1801-03-03,,Federalist,2,,,,,,,,,,,,
507,M000983,rep,VT,1801-12-07,1803-03-03,,Federalist,2,,,,,,,,,,,,
508,M000988,rep,NY,1801-12-07,1803-03-03,,Federalist,10,,,,,,,,,,,,
509,M001066,rep,PA,1789-03-04,1791-03-03,,,-1,,,,,,,,,,,,
510,M001066,rep,PA,1793-12-02,1795-03-03,,,-1,,,,,,,,,,,,
511,M001066,rep,PA,1799-12-02,1801-03-03,,Republican,4,,,,,,,,,,,,
512,M001066,sen,PA,1801-12-07,1801-12-31,3,Democratic Republican,,,,,,,,,,,,,
513,O000041,sen,NJ,1801-12-07,1803-03-03,1,Federalist,,,,,,,,,,,,,
514,O000060,sen,NH,1801-12-07,1805-03-03,2,Federalist,,,,,,,,,,,,,
515,P000190,rep,NH,1801-12-07,1803-03-03,,Federalist,-1,,,,,,,,,,,,
516,P000231,rep,CT,1801-12-07,1803-03-03,,Federalist,-1,,,,,,,,,,,,
517,R000093,rep,MA,1799-12-02,1801-03-03,,Federalist,10,,,,,,,,,,,,
518,R000093,rep,MA,1801-12-07,1803-03-03,,Federalist,10,,,,,,,,,,,,
519,R000553,rep,SC,1797-05-15,1799-03-03,,Federalist,2,,,,,,,,,,,,
520,R000553,rep,SC,1799-12-02,1801-03-03,,Federalist,2,,,,,,,,,,,,
521,R000553,rep,SC,1801-12-07,1803-03-03,,Federalist,2,,,,,,,,,,,,
522,S000312,rep,NH,1799-12-02,1801-03-03,,Federalist,-1,,,,,,,,,,,,
523,S000312,sen,NH,1801-12-07,1803-03-03,3,Federalist,,,,,,,,,,,,,
524,S000330,rep,MA,1797-05-15,1799-03-03,,Federalist,2,,,,,,,,,,,,
525,S000330,rep,MA,1799-12-02,1801-03-03,,Federalist,2,,,,,,,,,,,,
526,S000330,rep,MA,1801-12-07,1803-03-03,,Federalist,2,,,,,,,,,,,,
527,S000582,rep,MA,1801-12-07,1803-03-03,,Republican,6,,,,,,,,,,,,
528,S000752,rep,MD,1795-12-07,1797-03-03,,Republican,2,,,,,,,,,,,,
529,S000752,rep,MD,1797-05-15,1799-03-03,,Republican,2,,,,,,,,,,,,
530,S000752,rep,MD,1801-12-07,1803-03-03,,Republican,2,,,,,,,,,,,,
531,S000994,rep,VA,1801-12-07,1803-03-03,,Federalist,12,,,,,,,,,,,,
532,T000025,rep,GA,1799-12-02,1801-03-03,,Federalist,-1,,,,,,,,,,,,
533,T000025,rep,GA,1801-12-07,1803-03-03,,Republican,-1,,,,,,,,,,,,
534,T000273,rep,RI,1797-05-15,1799-03-03,,Federalist,-1,,,,,,,,,,,,
535,T000273,rep,RI,1801-12-07,1803-03-03,,Republican,-1,,,,,,,,,,,,
536,T000348,rep,CT,1793-12-02,1795-03-03,,Federalist,-1,,,,,,,,,,,,
537,T000348,rep,CT,1795-12-07,1796-10-13,,Federalist,-1,,,,,,,,,,,,
538,T000348,sen,CT,1796-10-13,1801-03-03,3,Federalist,,,,,,,,,,,,,
539,T000348,sen,CT,1801-12-07,1807-03-03,3,Federalist,,,,,,,,,,,,,
540,U000022,rep,NH,1801-12-07,1803-03-03,,Federalist,-1,,,,,,,,,,,,
541,V000049,rep,NY,1801-12-07,1803-03-03,,Republican,6,,,,,,,,,,,,
542,W000046,rep,NY,1801-12-07,1803-03-03,,Federalist,9,,,,,,,,,,,,
543,W000534,rep,NC,1797-05-15,1799-03-03,,Republican,3,,,,,,,,,,,,
544,W000534,rep,NC,1799-12-02,1801-03-03,,Republican,3,,,,,,,,,,,,
545,W000534,rep,NC,1801-12-07,1803-03-03,,Republican,3,,,,,,,,,,,,
546,W000722,rep,PA,1799-12-02,1801-03-03,,Federalist,10,,,,,,,,,,,,
547,W000722,rep,PA,1801-12-07,1803-03-03,,Federalist,10,,,,,,,,,,,,
548,B001186,sen,SC,1789-03-04,1793-03-03,2,Democratic Republican,,,,,,,,,,,,,
549,B001186,sen,SC,1793-12-02,1797-03-03,2,Republican,,,,,,,,,,,,,
550,B001186,sen,SC,1802-01-01,1805-03-03,3,Republican,,,,,,,,,,,,,
551,C000525,sen,NY,1802-01-01,1803-12-31,3,Republican,,,,,,,,,,,,,
552,P000393,sen,NH,1802-01-01,1807-03-03,3,Federalist,,,,,,,,,,,,,
553,B000049,rep,NY,1793-12-02,1795-03-03,,,5,,,,,,,,,,,,
554,B000049,rep,NY,1795-12-07,1797-03-03,,Republican,5,,,,,,,,,,,,
555,B000049,rep,NY,1799-12-02,1801-03-03,,Republican,5,,,,,,,,,,,,
556,B000049,rep,NY,1801-12-07,1803-03-03,,Republican,5,,,,,,,,,,,,
557,B000049,sen,NY,1803-10-17,1805-03-03,1,Republican,,,,,,,,,,,,,
558,B000097,rep,CT,1803-10-17,1805-03-03,,Federalist,-1,,,,,,,,,,,,
559,B000697,rep,MD,1801-12-07,1803-03-03,,Republican,2,,,,,,,,,,,,
560,B000697,rep,MD,1803-10-17,1805-03-03,,Republican,2,,,,,,,,,,,,
561,B000970,rep,MA,1803-10-17,1805-03-03,,Federalist,17,,,,,,,,,,,,
562,C000406,rep,VA,1793-12-02,1795-03-03,,Republican,8,,,,,,,,,,,,
563,C000406,rep,VA,1795-12-07,1797-03-03,,Republican,8,,,,,,,,,,,,
564,C000406,rep,VA,1797-05-15,1799-03-03,,Republican,8,,,,,,,,,,,,
565,C000406,rep,VA,1801-12-07,1803-03-03,,Republican,8,,,,,,,,,,,,
566,C000406,rep,VA,1803-10-17,1805-03-03,,Republican,17,,,,,,,,,,,,
567,C001026,rep,MA,1801-12-07,1803-03-03,,Federalist,11,,,,,,,,,,,,
568,C001026,rep,MA,1803-10-17,1805-03-03,,Federalist,3,,,,,,,,,,,,
569,D000243,rep,MD,1797-05-15,1799-03-03,,Federalist,8,,,,,,,,,,,,
570,D000243,rep,MD,1799-12-02,1801-03-03,,Federalist,8,,,,,,,,,,,,
571,D000243,rep,MD,1801-12-07,1803-03-03,,Federalist,8,,,,,,,,,,,,
572,D000243,rep,MD,1803-10-17,1805-03-03,,Federalist,8,,,,,,,,,,,,
573,D000583,rep,MA,1803-10-17,1805-03-03,,Federalist,5,,,,,,,,,,,,
574,E000008,rep,SC,1803-10-17,1805-03-03,,Republican,8,,,,,,,,,,,,
575,G000196,rep,NC,1793-12-02,1795-03-03,,Anti-Administration,6,,,,,,,,,,,,
576,G000196,rep,NC,1795-12-07,1797-03-03,,Republican,6,,,,,,,,,,,,
577,G000196,rep,NC,1797-05-15,1799-03-03,,Republican,6,,,,,,,,,,,,
578,G000196,rep,NC,1803-10-17,1805-03-03,,Republican,5,,,,,,,,,,,,
579,G000467,rep,VA,1803-10-17,1805-03-03,,Federalist,12,,,,,,,,,,,,
580,G000482,rep,NY,1803-10-17,1805-03-03,,Federalist,15,,,,,,,,,,,,
581,H000133,rep,GA,1803-10-17,1805-03-03,,Republican,-1,,,,,,,,,,,,
582,H000140,rep,SC,1795-12-07,1797-03-03,,Republican,2,,,,,,,,,,,,
583,H000140,rep,SC,1803-10-17,1805-03-03,,Republican,4,,,,,,,,,,,,
584,H000570,rep,PA,1789-03-04,1791-03-03,,Republican,-1,,,,,,,,,,,,
585,H000570,rep,PA,1791-10-24,1793-03-03,,Republican,4,,,,,,,,,,,,
586,H000570,rep,PA,1793-12-02,1795-03-03,,Republican,-1,,,,,,,,,,,,
587,H000570,rep,PA,1795-12-07,1797-03-03,,Republican,5,,,,,,,,,,,,
588,H000570,rep,MD,1801-12-07,1803-03-03,,Republican,4,,,,,,,,,,,,
589,H000570,rep,MD,1803-10-17,1805-03-03,,Republican,4,,,,,,,,,,,,
590,H000695,rep,PA,1803-10-17,1805-03-03,,Republican,10,,,,,,,,,,,,
591,H000976,rep,NH,1801-12-07,1803-03-03,,Federalist,-1,,,,,,,,,,,,
592,H000976,rep,NH,1803-10-17,1805-03-03,,Federalist,-1,,,,,,,,,,,,
593,L000097,rep,MA,1803-10-17,1805-03-03,,Republican,12,,,,,,,,,,,,
594,L000294,rep,VA,1803-10-17,1805-03-03,,Federalist,5,,,,,,,,,,,,
595,L000482,rep,SC,1801-12-07,1803-03-03,,Federalist,1,,,,,,,,,,,,
596,L000482,rep,SC,1803-10-17,1805-03-03,,Federalist,1,,,,,,,,,,,,
597,M000029,rep,PA,1795-12-07,1797-03-03,,Republican,6,,,,,,,,,,,,
598,M000029,sen,PA,1803-10-17,1809-03-03,1,Republican,,,,,,,,,,,,,
599,M000359,rep,NY,1803-10-17,1805-03-03,,Republican,5,,,,,,,,,,,,
600,M000824,rep,MA,1803-10-17,1805-03-03,,Federalist,7,,,,,,,,,,,,
601,M001039,rep,NJ,1801-12-07,1803-03-03,,Republican,-1,,,,,,,,,,,,
602,M001039,rep,NJ,1803-10-17,1805-03-03,,Republican,-1,,,,,,,,,,,,
603,P000036,rep,NY,1803-10-17,1805-03-03,,Republican,11,,,,,,,,,,,,
604,P000101,rep,NY,1803-10-17,1805-03-03,,Republican,16,,,,,,,,,,,,
605,P000298,rep,NY,1803-10-17,1805-03-03,,Republican,17,,,,,,,,,,,,
606,P000378,rep,MD,1801-12-07,1803-03-03,,Federalist,3,,,,,,,,,,,,
607,P000378,rep,MD,1803-10-17,1805-03-03,,Federalist,3,,,,,,,,,,,,
608,P000468,sen,RI,1803-10-17,1805-03-03,1,Republican,,,,,,,,,,,,,
609,P000577,rep,NC,1803-10-17,1805-03-03,,Federalist,7,,,,,,,,,,,,
610,S000471,rep,MA,1795-12-07,1797-03-03,,Republican,1,,,,,,,,,,,,
611,S000471,rep,MA,1797-05-15,1799-03-03,,Republican,1,,,,,,,,,,,,
612,S000471,rep,MA,1803-10-17,1805-03-03,,Republican,12,,,,,,,,,,,,
613,S000557,rep,VT,1791-10-24,1793-03-03,,Democratic Republican,1,,,,,,,,,,,,
614,S000557,rep,VT,1793-12-02,1795-03-03,,Democratic Republican,1,,,,,,,,,,,,
615,S000557,rep,VT,1795-12-07,1797-03-03,,Republican,1,,,,,,,,,,,,
616,S000557,rep,VT,1801-12-07,1803-03-03,,Republican,1,,,,,,,,,,,,
617,S000557,sen,VT,1803-10-17,1807-12-31,1,Republican,,,,,,,,,,,,,
618,S000567,sen,OH,1803-10-17,1809-03-03,1,Republican,,,,,,,,,,,,,
619,S000912,rep,PA,1799-12-02,1801-03-03,,Republican,8,,,,,,,,,,,,
620,S000912,rep,PA,1801-12-07,1803-03-03,,Republican,8,,,,,,,,,,,,
621,S000912,rep,PA,1803-10-17,1805-03-03,,Republican,6,,,,,,,,,,,,
622,T000143,rep,MA,1801-12-07,1803-03-03,,Federalist,12,,,,,,,,,,,,
623,T000143,rep,MA,1803-10-17,1805-03-03,,Federalist,16,,,,,,,,,,,,
624,T000262,rep,NY,1803-10-17,1805-03-03,,Federalist,10,,,,,,,,,,,,
625,T000370,rep,VA,1797-05-15,1799-03-03,,Republican,5,,,,,,,,,,,,
626,T000370,rep,VA,1799-12-02,1801-03-03,,Republican,5,,,,,,,,,,,,
627,T000370,rep,VA,1801-12-07,1803-03-03,,Republican,5,,,,,,,,,,,,
628,T000370,rep,VA,1803-10-17,1805-03-03,,Republican,13,,,,,,,,,,,,
629,V000045,rep,PA,1801-12-07,1803-03-03,,Republican,4,,,,,,,,,,,,
630,V000045,rep,PA,1803-10-17,1805-03-03,,Republican,2,,,,,,,,,,,,
631,V000083,rep,VA,1791-10-24,1793-03-03,,Democratic Republican,6,,,,,,,,,,,,
632,V000083,rep,VA,1793-12-02,1795-03-03,,Democratic Republican,7,,,,,,,,,,,,
633,V000083,rep,VA,1795-12-07,1797-03-03,,Republican,7,,,,,,,,,,,,
634,V000083,rep,VA,1797-05-15,1799-03-03,,Republican,7,,,,,,,,,,,,
635,V000083,sen,VA,1803-10-17,1805-03-03,1,Republican,,,,,,,,,,,,,
636,W000392,sen,DE,1801-12-07,1803-03-03,1,Federalist,,,,,,,,,,,,,
637,W000392,sen,DE,1803-10-17,1809-03-03,1,Federalist,,,,,,,,,,,,,
638,W000526,rep,MA,1799-12-02,1801-03-03,,Federalist,5,,,,,,,,,,,,
639,W000526,rep,MA,1801-12-07,1803-03-03,,Federalist,5,,,,,,,,,,,,
640,W000526,rep,MA,1803-10-17,1805-03-03,,Federalist,8,,,,,,,,,,,,
641,A000282,sen,NY,1800-11-06,1801-03-03,3,Republican,,,,,,,,,,,,,
642,A000282,sen,NY,1801-03-04,1802-02-05,3,Republican,,,,,,,,,,,,,
643,A000282,sen,NY,1804-02-25,1804-06-30,1,Republican,,,,,,,,,,,,,
644,H000870,sen,RI,1804-01-01,1809-03-03,1,Republican,,,,,,,,,,,,,
645,M000891,rep,VA,1789-03-04,1791-03-03,,Democratic Republican,3,,,,,,,,,,,,
646,M000891,rep,VA,1791-10-24,1793-03-03,,Democratic Republican,3,,,,,,,,,,,,
647,M000891,rep,VA,1793-12-02,1795-03-03,,Democratic Republican,2,,,,,,,,,,,,
648,M000891,rep,VA,1795-12-07,1797-03-03,,Republican,2,,,,,,,,,,,,
649,M000891,sen,VA,1804-01-01,1809-03-03,1,Republican,,,,,,,,,,,,,
650,A000100,rep,NC,1803-03-04,1805-03-03,,Republican,10,,,,,,,,,,,,
651,A000191,rep,PA,1803-10-17,1805-03-03,,Republican,3,,,,,,,,,,,,
652,A000191,rep,PA,1805-12-02,1807-03-03,,Republican,3,,,,,,,,,,,,
653,A000272,rep,MD,1801-12-07,1803-03-03,,Republican,6,,,,,,,,,,,,
654,A000272,rep,MD,1803-10-17,1805-03-03,,Republican,6,,,,,,,,,,,,
655,A000272,rep,MD,1805-12-02,1807-03-03,,Republican,6,,,,,,,,,,,,
656,B000084,rep,GA,1789-03-04,1791-03-03,,Democratic Republican,2,,,,,,,,,,,,
657,B000084,rep,GA,1791-10-24,1793-03-03,,Democratic Republican,2,,,,,,,,,,,,
658,B000084,rep,GA,1793-12-02,1795-03-03,,Democratic Republican,0,,,,,,,,,,,,
659,B000084,rep,GA,1795-12-07,1797-03-03,,Republican,0,,,,,,,,,,,,
660,B000084,rep,GA,1797-05-15,1799-03-03,,Republican,-1,,,,,,,,,,,,
661,B000084,sen,GA,1799-12-02,1805-03-03,2,Republican,,,,,,,,,,,,,
662,B000084,sen,GA,1805-12-02,1807-03-04,2,Republican,,,,,,,,,,,,,
663,B000301,rep,KY,1803-10-17,1805-03-03,,Republican,6,,,,,,,,,,,,
664,B000301,rep,KY,1805-12-02,1807-03-03,,Republican,6,,,,,,,,,,,,
665,B000425,rep,NH,1803-10-17,1805-03-03,,Federalist,-1,,,,,,,,,,,,
666,B000425,rep,NH,1805-12-02,1807-03-03,,Federalist,-1,,,,,,,,,,,,
667,B000488,rep,MA,1799-12-02,1801-03-03,,Republican,7,,,,,,,,,,,,
668,B000488,rep,MA,1801-12-07,1803-03-03,,Republican,7,,,,,,,,,,,,
669,B000488,rep,MA,1803-10-17,1805-03-03,,Republican,9,,,,,,,,,,,,
670,B000488,rep,MA,1805-12-02,1807-03-03,,Republican,9,,,,,,,,,,,,
671,B000989,rep,GA,1803-10-17,1805-03-03,,Republican,-1,,,,,,,,,,,,
672,B000989,rep,GA,1805-12-02,1807-03-03,,Republican,-1,,,,,,,,,,,,
673,C000226,rep,SC,1803-10-17,1805-03-03,,Republican,6,,,,,,,,,,,,
674,C000226,rep,SC,1805-12-02,1807-03-03,,Republican,6,,,,,,,,,,,,
675,C000424,rep,VA,1803-10-17,1805-03-03,,Republican,13,,,,,,,,,,,,
676,C000424,rep,VA,1805-12-02,1807-03-03,,Republican,13,,,,,,,,,,,,
677,C000704,rep,PA,1803-10-17,1805-03-03,,Republican,2,,,,,,,,,,,,
678,C000704,rep,PA,1805-12-02,1807-03-03,,Republican,2,,,,,,,,,,,,
679,C000817,rep,MD,1805-12-02,1807-03-03,,Republican,2,,,,,,,,,,,,
680,D000333,rep,TN,1801-12-07,1803-03-03,,Republican,1,,,,,,,,,,,,
681,D000333,rep,TN,1803-10-17,1805-03-03,,Republican,-1,,,,,,,,,,,,
682,D000333,rep,TN,1805-12-02,1807-03-03,,Republican,3,,,,,,,,,,,,
683,D000582,rep,CT,1805-12-02,1807-03-03,,Federalist,-1,,,,,,,,,,,,
684,E000014,rep,GA,1801-12-07,1803-03-03,,Republican,-1,,,,,,,,,,,,
685,E000014,rep,GA,1803-10-17,1805-03-03,,Republican,-1,,,,,,,,,,,,
686,E000014,rep,GA,1805-12-02,1807-03-03,,Republican,-1,,,,,,,,,,,,
687,E000130,rep,NH,1805-12-02,1807-03-03,,Federalist,-1,,,,,,,,,,,,
688,E000154,rep,NJ,1801-12-07,1803-03-03,,Republican,-1,,,,,,,,,,,,
689,E000154,rep,NJ,1803-10-17,1805-03-03,,Republican,-1,,,,,,,,,,,,
690,E000154,rep,NJ,1805-12-02,1807-03-03,,Republican,-1,,,,,,,,,,,,
691,F000074,sen,RI,1805-12-02,1807-12-31,2,Republican,,,,,,,,,,,,,
692,F000322,rep,KY,1797-05-15,1799-03-03,,Republican,2,,,,,,,,,,,,
693,F000322,rep,KY,1799-12-02,1801-03-03,,Republican,2,,,,,,,,,,,,
694,F000322,rep,KY,1801-12-07,1803-03-03,,Republican,2,,,,,,,,,,,,
695,F000322,rep,KY,1803-10-17,1805-03-03,,Republican,5,,,,,,,,,,,,
696,F000322,rep,KY,1805-12-02,1807-03-03,,Republican,5,,,,,,,,,,,,
697,G000248,rep,CT,1801-12-07,1803-03-03,,Federalist,-1,,,,,,,,,,,,
698,G000248,rep,CT,1803-10-17,1805-03-03,,Federalist,-1,,,,,,,,,,,,
699,G000248,rep,CT,1805-12-02,1807-03-03,,Federalist,-1,,,,,,,,,,,,
700,G000488,rep,CT,1795-12-07,1797-03-03,,Federalist,-1,,,,,,,,,,,,
701,G000488,rep,CT,1797-05-15,1799-03-03,,Federalist,-1,,,,,,,,,,,,
702,G000488,rep,CT,1799-12-02,1801-03-03,,Federalist,-1,,,,,,,,,,,,
703,G000488,rep,CT,1801-12-07,1803-03-03,,Federalist,-1,,,,,,,,,,,,
704,G000488,rep,CT,1803-10-17,1805-03-03,,Federalist,-1,,,,,,,,,,,,
705,G000488,rep,CT,1805-12-02,1807-03-03,,Federalist,-1,,,,,,,,,,,,
706,H000090,rep,NY,1805-12-02,1807-03-03,,Republican,17,,,,,,,,,,,,
707,H000111,rep,PA,1805-12-02,1807-03-03,,Republican,10,,,,,,,,,,,,
708,H000161,rep,PA,1797-05-15,1799-03-03,,Republican,6,,,,,,,,,,,,
709,H000161,rep,PA,1799-12-02,1801-03-03,,Republican,6,,,,,,,,,,,,
710,H000161,rep,PA,1801-12-07,1803-03-03,,Republican,6,,,,,,,,,,,,
711,H000161,rep,PA,1803-10-17,1805-03-03,,Republican,4,,,,,,,,,,,,
712,H000161,rep,PA,1805-12-02,1807-03-03,,Republican,-1,,,,,,,,,,,,
713,H000331,rep,MA,1801-12-07,1803-03-03,,Federalist,4,,,,,,,,,,,,
714,H000331,rep,MA,1803-10-17,1805-03-03,,Federalist,10,,,,,,,,,,,,
715,H000331,rep,MA,1805-12-02,1807-03-03,,Federalist,10,,,,,,,,,,,,
716,H000811,rep,NH,1803-10-17,1805-03-03,,Federalist,-1,,,,,,,,,,,,
717,H000811,rep,NH,1805-12-02,1807-03-03,,Federalist,-1,,,,,,,,,,,,
718,K000246,rep,NJ,1791-10-24,1793-03-03,,Democratic Republican,-1,,,,,,,,,,,,
719,K000246,rep,NJ,1793-12-02,1795-03-03,,Democratic Republican,-1,,,,,,,,,,,,
720,K000246,rep,NJ,1795-12-07,1797-03-03,,Federalist,-1,,,,,,,,,,,,
721,K000246,rep,NJ,1799-12-02,1801-03-03,,Republican,2,,,,,,,,,,,,
722,K000246,sen,NJ,1805-12-02,1809-12-31,2,Republican,,,,,,,,,,,,,
723,L000367,rep,NY,1803-10-17,1805-03-03,,Federalist,8,,,,,,,,,,,,
724,L000367,rep,NY,1805-12-02,1807-03-03,,Federalist,8,,,,,,,,,,,,
725,L000478,rep,PA,1805-12-02,1807-03-03,,Republican,3,,,,,,,,,,,,
726,L000492,rep,PA,1803-10-17,1805-03-03,,Republican,11,,,,,,,,,,,,
727,L000492,rep,PA,1805-12-02,1807-03-03,,Republican,-1,,,,,,,,,,,,
728,M000057,rep,MD,1805-12-02,1807-03-03,,Republican,3,,,,,,,,,,,,
729,M000437,rep,NC,1805-12-02,1807-03-03,,Republican,7,,,,,,,,,,,,
730,M000614,rep,GA,1805-12-02,1807-03-03,,Republican,-1,,,,,,,,,,,,
731,M000649,rep,GA,1801-12-07,1803-03-03,,Republican,-1,,,,,,,,,,,,
732,M000649,rep,GA,1803-10-17,1805-03-03,,Republican,-1,,,,,,,,,,,,
733,M000649,rep,GA,1805-12-02,1807-03-03,,Republican,-1,,,,,,,,,,,,
734,N000100,rep,MD,1799-12-02,1801-03-03,,Republican,7,,,,,,,,,,,,
735,N000100,rep,MD,1801-12-07,1803-03-03,,Republican,7,,,,,,,,,,,,
736,N000100,rep,MD,1803-10-17,1805-03-03,,Republican,7,,,,,,,,,,,,
737,N000100,rep,MD,1805-12-02,1807-03-03,,Republican,7,,,,,,,,,,,,
738,O000067,rep,VT,1803-10-17,1805-03-03,,Republican,1,,,,,,,,,,,,
739,O000067,rep,VT,1805-12-02,1807-03-03,,Republican,1,,,,,,,,,,,,
740,R000051,rep,VA,1803-10-17,1805-03-03,,Republican,21,,,,,,,,,,,,
741,R000051,rep,VA,1805-12-02,1807-03-03,,Republican,21,,,,,,,,,,,,
742,S000015,rep,NY,1805-12-02,1807-03-03,,Republican,11,,,,,,,,,,,,
743,S000041,rep,KY,1803-10-17,1805-03-03,,Republican,4,,,,,,,,,,,,
744,S000041,rep,KY,1805-12-02,1807-03-03,,Republican,4,,,,,,,,,,,,
745,S000149,rep,NY,1805-12-02,1807-03-03,,Republican,7,,,,,,,,,,,,
746,S000524,sen,TN,1798-01-01,1799-12-31,1,Republican,,,,,,,,,,,,,
747,S000524,sen,TN,1805-12-02,1809-12-31,2,Republican,,,,,,,,,,,,,
748,S000570,rep,CT,1799-12-02,1801-03-03,,Federalist,-1,,,,,,,,,,,,
749,S000570,rep,CT,1801-12-07,1803-03-03,,Federalist,-1,,,,,,,,,,,,
750,S000570,rep,CT,1803-10-17,1805-03-03,,Federalist,-1,,,,,,,,,,,,
751,S000570,rep,CT,1805-12-02,1807-03-03,,Federalist,-1,,,,,,,,,,,,
752,S000598,rep,SC,1805-12-02,1807-03-03,,Republican,4,,,,,,,,,,,,
753,S000698,rep,GA,1805-12-02,1807-03-03,,Republican,-1,,,,,,,,,,,,
754,S000805,sen,RI,1790-01-01,1793-03-03,2,Anti-Administration,,,,,,,,,,,,,
755,S000805,rep,RI,1801-12-07,1803-03-03,,Republican,-1,,,,,,,,,,,,
756,S000805,rep,RI,1803-10-17,1805-03-03,,Republican,-1,,,,,,,,,,,,
757,S000805,rep,RI,1805-12-02,1807-03-03,,Republican,-1,,,,,,,,,,,,
758,S001073,rep,SC,1789-03-04,1791-03-03,,,4,,,,,,,,,,,,
759,S001073,rep,SC,1791-10-24,1793-03-03,,,4,,,,,,,,,,,,
760,S001073,rep,SC,1797-05-15,1799-03-03,,Republican,4,,,,,,,,,,,,
761,S001073,rep,SC,1799-12-02,1801-03-03,,Republican,4,,,,,,,,,,,,
762,S001073,rep,SC,1801-12-07,1801-12-15,,Republican,4,,,,,,,,,,,,
763,S001073,sen,SC,1801-12-15,1805-03-03,2,Republican,,,,,,,,,,,,,
764,S001073,sen,SC,1805-12-02,1810-12-16,2,Republican,,,,,,,,,,,,,
765,T000127,rep,NH,1799-12-02,1801-03-03,,Federalist,-1,,,,,,,,,,,,
766,T000127,rep,NH,1801-12-07,1803-03-03,,Federalist,-1,,,,,,,,,,,,
767,T000127,rep,NH,1803-10-17,1805-03-03,,Federalist,-1,,,,,,,,,,,,
768,T000127,rep,NH,1805-12-02,1807-03-03,,Federalist,-1,,,,,,,,,,,,
769,T000213,rep,VA,1801-12-07,1803-03-03,,Republican,18,,,,,,,,,,,,
770,T000213,rep,VA,1803-10-17,1805-03-03,,Republican,9,,,,,,,,,,,,
771,T000213,rep,VA,1805-12-02,1807-03-03,,Republican,9,,,,,,,,,,,,
772,T000249,sen,KY,1805-12-02,1809-12-31,2,Republican,,,,,,,,,,,,,
773,W000014,rep,MA,1793-12-02,1795-03-03,,Federalist,4,,,,,,,,,,,,
774,W000014,rep,MA,1795-12-07,1797-03-03,,Federalist,13,,,,,,,,,,,,
775,W000014,rep,MA,1797-05-15,1799-03-03,,Federalist,13,,,,,,,,,,,,
776,W000014,rep,MA,1799-12-02,1801-03-03,,Federalist,13,,,,,,,,,,,,
777,W000014,rep,MA,1801-12-07,1803-03-03,,Federalist,13,,,,,,,,,,,,
778,W000014,rep,MA,1803-10-17,1805-03-03,,Federalist,15,,,,,,,,,,,,
779,W000014,rep,MA,1805-12-02,1807-03-03,,Federalist,15,,,,,,,,,,,,
780,W000116,rep,KY,1803-10-17,1805-03-03,,Republican,3,,,,,,,,,,,,
781,W000116,rep,KY,1805-12-02,1807-03-03,,Republican,3,,,,,,,,,,,,
782,W000403,rep,PA,1803-10-17,1805-03-03,,Republican,3,,,,,,,,,,,,
783,W000403,rep,PA,1805-12-02,1807-03-03,,Republican,3,,,,,,,,,,,,
784,W000440,rep,NY,1805-12-02,1807-03-03,,Republican,1,,,,,,,,,,,,
785,W000531,rep,NY,1805-12-02,1807-03-03,,Republican,15,,,,,,,,,,,,
786,W000642,rep,NC,1793-12-02,1795-03-03,,Republican,3,,,,,,,,,,,,
787,W000642,rep,NC,1803-10-17,1805-03-03,,Republican,12,,,,,,,,,,,,
788,W000642,rep,NC,1805-12-02,1807-03-03,,Republican,12,,,,,,,,,,,,
789,W000786,rep,NC,1801-12-07,1803-03-03,,Republican,8,,,,,,,,,,,,
790,W000786,rep,NC,1803-10-17,1805-03-03,,Republican,1,,,,,,,,,,,,
791,W000786,rep,NC,1805-12-02,1807-03-03,,Republican,1,,,,,,,,,,,,
792,M000712,rep,GA,1792-11-22,1793-03-03,,,1,,,,,,,,,,,,
793,M000712,rep,GA,1795-12-07,1797-03-03,,Republican,0,,,,,,,,,,,,
794,M000712,rep,GA,1797-05-15,1799-03-03,,Republican,0,,,,,,,,,,,,
795,M000712,rep,GA,1801-12-07,1803-03-03,,Republican,0,,,,,,,,,,,,
796,M000712,sen,GA,1806-06-19,1807-03-03,3,Republican,,,,,,,,,,,,,
797,M000712,sen,GA,1807-10-26,1809-11-14,3,Republican,,,,,,,,,,,,,
798,A000092,rep,NC,1806-02-24,1807-03-03,,Republican,10,,,,,,,,,,,,
799,A000092,rep,NC,1807-10-26,1809-03-03,,Republican,10,,,,,,,,,,,,
800,B000144,rep,MA,1805-12-02,1807-03-03,,Republican,7,,,,,,,,,,,,
801,B000144,rep,MA,1807-10-26,1809-03-03,,Republican,7,,,,,,,,,,,,
802,B000446,rep,MA,1805-12-02,1807-03-03,,Republican,12,,,,,,,,,,,,
803,B000446,rep,MA,1807-10-26,1809-03-03,,Republican,-1,,,,,,,,,,,,
804,B000533,rep,NY,1805-12-02,1807-03-03,,Republican,5,,,,,,,,,,,,
805,B000533,rep,NY,1807-10-26,1809-03-03,,Republican,5,,,,,,,,,,,,
806,B000729,rep,KY,1803-10-17,1805-03-03,,Republican,2,,,,,,,,,,,,
807,B000729,rep,KY,1805-12-02,1807-03-03,,Republican,2,,,,,,,,,,,,
808,B000729,rep,KY,1807-10-26,1809-03-03,,Republican,2,,,,,,,,,,,,
809,B000745,sen,VT,1791-10-24,1795-03-03,3,,,,,,,,,,,,,,
810,B000745,sen,VT,1801-12-07,1807-03-03,3,Republican,,,,,,,,,,,,,
811,B000745,sen,VT,1807-10-26,1813-03-03,3,Republican,,,,,,,,,,,,,
812,B000888,rep,DE,1805-12-02,1807-03-03,,Federalist,0,,,,,,,,,,,,
813,B000888,rep,DE,1807-10-26,1809-03-03,,Federalist,0,,,,,,,,,,,,
814,C000148,rep,NH,1807-10-26,1809-03-03,,Republican,-1,,,,,,,,,,,,
815,C000403,rep,VA,1805-12-02,1807-03-03,,Republican,17,,,,,,,,,,,,
816,C000403,rep,VA,1807-10-26,1809-03-03,,Republican,17,,,,,,,,,,,,
817,C000426,rep,OL,1805-12-02,1807-03-03,,,-1,,,,,,,,,,,,
818,C000426,rep,OL,1807-10-26,1809-03-03,,,-1,,,,,,,,,,,,
819,C000486,rep,PA,1803-10-17,1805-03-03,,Republican,1,,,,,,,,,,,,
820,C000486,rep,PA,1805-12-02,1807-03-03,,Republican,1,,,,,,,,,,,,
821,C000486,rep,PA,1807-10-26,1809-03-03,,Republican,1,,,,,,,,,,,,
822,C000526,rep,NY,1803-10-17,1805-03-03,,Republican,3,,,,,,,,,,,,
823,C000526,rep,NY,1805-12-02,1807-03-03,,Republican,2,,,,,,,,,,,,
824,C000526,rep,NY,1807-10-26,1809-03-03,,Republican,2,,,,,,,,,,,,
825,C000947,rep,MA,1803-10-17,1805-03-03,,Republican,2,,,,,,,,,,,,
826,C000947,rep,MA,1805-12-02,1807-03-03,,Republican,2,,,,,,,,,,,,
827,C000947,rep,MA,1807-10-26,1809-03-03,,Republican,2,,,,,,,,,,,,
828,D000047,rep,NJ,1805-12-02,1807-03-03,,Republican,-1,,,,,,,,,,,,
829,D000047,rep,NJ,1807-10-26,1809-03-03,,Republican,-1,,,,,,,,,,,,
830,D000173,rep,MA,1807-10-26,1809-03-03,,Republican,9,,,,,,,,,,,,
831,D000565,rep,NH,1807-10-26,1809-03-03,,Republican,-1,,,,,,,,,,,,
832,E000122,rep,VT,1803-10-17,1805-03-03,,Federalist,2,,,,,,,,,,,,
833,E000122,rep,VT,1805-12-02,1807-03-03,,Federalist,2,,,,,,,,,,,,
834,E000122,rep,VT,1807-10-26,1809-03-03,,Federalist,2,,,,,,,,,,,,
835,F000344,rep,NC,1795-12-07,1797-03-03,,Republican,3,,,,,,,,,,,,
836,F000344,sen,NC,1799-12-02,1805-03-03,2,Republican,,,,,,,,,,,,,
837,F000344,sen,NC,1807-10-26,1813-03-03,3,Republican,,,,,,,,,,,,,
838,G000052,rep,NH,1807-10-26,1809-03-03,,Republican,-1,,,,,,,,,,,,
839,G000075,rep,VA,1805-12-02,1807-03-03,,Republican,11,,,,,,,,,,,,
840,G000075,rep,VA,1807-10-26,1809-03-03,,Republican,11,,,,,,,,,,,,
841,G000293,rep,CT,1795-12-07,1797-03-03,,Federalist,-1,,,,,,,,,,,,
842,G000293,rep,CT,1797-05-15,1799-03-03,,Federalist,-1,,,,,,,,,,,,
843,G000293,rep,CT,1799-12-02,1801-03-03,,Federalist,-1,,,,,,,,,,,,
844,G000293,sen,CT,1807-10-26,1813-03-03,3,Federalist,,,,,,,,,,,,,
845,G000442,rep,PA,1791-10-24,1793-03-03,,Democratic Republican,6,,,,,,,,,,,,
846,G000442,rep,PA,1793-12-02,1795-03-03,,Democratic Republican,-1,,,,,,,,,,,,
847,G000442,rep,PA,1795-12-07,1797-03-03,,Republican,9,,,,,,,,,,,,
848,G000442,rep,PA,1797-05-15,1799-03-03,,Republican,9,,,,,,,,,,,,
849,G000442,rep,PA,1799-12-02,1801-03-03,,Republican,9,,,,,,,,,,,,
850,G000442,rep,PA,1801-12-07,1803-03-03,,Republican,9,,,,,,,,,,,,
851,G000442,rep,PA,1803-10-17,1805-03-03,,Republican,5,,,,,,,,,,,,
852,G000442,rep,PA,1805-12-02,1807-03-03,,Republican,5,,,,,,,,,,,,
853,G000442,sen,PA,1807-10-26,1813-03-03,3,Republican,,,,,,,,,,,,,
854,H000245,rep,NY,1807-10-26,1809-03-03,,Republican,17,,,,,,,,,,,,
855,H000573,rep,PA,1807-10-26,1809-03-03,,Republican,3,,,,,,,,,,,,
856,H000699,rep,PA,1801-12-07,1803-03-03,,Republican,12,,,,,,,,,,,,
857,H000699,rep,PA,1803-10-17,1805-03-03,,Republican,10,,,,,,,,,,,,
858,H000699,rep,PA,1807-10-26,1809-03-03,,Republican,10,,,,,,,,,,,,
859,H000957,rep,NY,1807-10-26,1809-03-03,,Republican,16,,,,,,,,,,,,
860,I000009,rep,MA,1807-10-26,1809-03-03,,Republican,15,,,,,,,,,,,,
861,J000220,sen,GA,1807-10-26,1807-12-31,2,Republican,,,,,,,,,,,,,
862,K000073,rep,PA,1805-12-02,1807-03-03,,Federalist,6,,,,,,,,,,,,
863,K000073,rep,PA,1807-10-26,1809-03-03,,Federalist,6,,,,,,,,,,,,
864,K000239,rep,NY,1807-10-26,1809-03-03,,Republican,15,,,,,,,,,,,,
865,K000286,rep,RI,1803-10-17,1805-03-03,,Republican,-1,,,,,,,,,,,,
866,K000286,rep,RI,1805-12-02,1807-03-03,,Republican,-1,,,,,,,,,,,,
867,K000286,rep,RI,1807-10-26,1809-03-03,,Republican,-1,,,,,,,,,,,,
868,M000232,rep,NY,1805-12-02,1807-03-03,,Republican,10,,,,,,,,,,,,
869,M000232,rep,NY,1807-10-26,1809-03-03,,Republican,10,,,,,,,,,,,,
870,M000240,sen,RI,1807-10-26,1811-03-03,2,Republican,,,,,,,,,,,,,
871,M000387,rep,MD,1803-10-17,1805-03-03,,Republican,5,,,,,,,,,,,,
872,M000387,rep,MD,1805-12-02,1807-03-03,,Republican,5,,,,,,,,,,,,
873,M000387,rep,MD,1807-10-26,1809-03-03,,Republican,5,,,,,,,,,,,,
874,M000864,rep,PA,1807-10-26,1809-03-03,,Republican,5,,,,,,,,,,,,
875,M001005,rep,VA,1805-12-02,1807-03-03,,Republican,2,,,,,,,,,,,,
876,M001005,rep,VA,1807-10-26,1809-03-03,,Republican,2,,,,,,,,,,,,
877,P000052,rep,IN,1805-12-02,1807-03-03,,,-1,,,,,,,,,,,,
878,P000052,rep,IN,1807-10-26,1809-03-03,,,-1,,,,,,,,,,,,
879,P000067,sen,NH,1807-10-26,1811-03-03,3,Republican,,,,,,,,,,,,,
880,P000562,rep,PA,1805-12-02,1807-03-03,,Republican,2,,,,,,,,,,,,
881,P000562,rep,PA,1807-10-26,1809-03-03,,Republican,2,,,,,,,,,,,,
882,R000212,rep,PA,1803-10-17,1805-03-03,,Republican,1,,,,,,,,,,,,
883,R000212,rep,PA,1805-12-02,1807-03-03,,Republican,1,,,,,,,,,,,,
884,R000212,rep,PA,1807-10-26,1809-03-03,,Republican,1,,,,,,,,,,,,
885,R000257,rep,NY,1803-10-17,1805-03-03,,Republican,1,,,,,,,,,,,,
886,R000257,rep,NY,1807-10-26,1809-03-03,,Republican,1,,,,,,,,,,,,
887,R000529,rep,NY,1805-12-02,1807-03-03,,Republican,14,,,,,,,,,,,,
888,R000529,rep,NY,1807-10-26,1809-03-03,,Republican,14,,,,,,,,,,,,
889,S000493,rep,NJ,1803-10-17,1805-03-03,,Republican,-1,,,,,,,,,,,,
890,S000493,rep,NJ,1805-12-02,1807-03-03,,Republican,-1,,,,,,,,,,,,
891,S000493,rep,NJ,1807-10-26,1809-03-03,,Republican,-1,,,,,,,,,,,,
892,S000562,rep,NH,1807-10-26,1809-03-03,,Republican,-1,,,,,,,,,,,,
893,S000566,rep,NY,1799-12-02,1801-03-03,,Republican,1,,,,,,,,,,,,
894,S000566,rep,NY,1801-12-07,1803-03-03,,Republican,1,,,,,,,,,,,,
895,S000566,sen,NY,1804-01-01,1807-03-03,3,Republican,,,,,,,,,,,,,
896,S000566,sen,NY,1807-10-26,1813-03-03,3,Republican,,,,,,,,,,,,,
897,S000978,rep,MA,1807-10-26,1809-03-03,,Republican,2,,,,,,,,,,,,
898,S001096,rep,NY,1807-10-26,1809-03-03,,Republican,13,,,,,,,,,,,,
899,T000163,rep,NY,1801-12-07,1803-03-03,,Republican,7,,,,,,,,,,,,
900,T000163,rep,NY,1803-10-17,1805-03-03,,Republican,12,,,,,,,,,,,,
901,T000163,rep,NY,1805-12-02,1807-03-03,,Republican,12,,,,,,,,,,,,
902,T000163,rep,NY,1807-10-26,1809-03-03,,Republican,12,,,,,,,,,,,,
903,T000268,sen,OH,1807-10-26,1809-12-31,3,Republican,,,,,,,,,,,,,
904,T000368,rep,VA,1797-05-15,1799-03-03,,Republican,4,,,,,,,,,,,,
905,T000368,rep,VA,1799-12-02,1801-03-03,,Republican,4,,,,,,,,,,,,
906,T000368,rep,VA,1801-12-07,1803-03-03,,Republican,4,,,,,,,,,,,,
907,T000368,rep,VA,1803-10-17,1805-03-03,,Republican,6,,,,,,,,,,,,
908,T000368,rep,VA,1805-12-02,1807-03-03,,Republican,6,,,,,,,,,,,,
909,T000368,rep,VA,1807-10-26,1809-03-03,,Republican,6,,,,,,,,,,,,
910,V000011,rep,NY,1807-10-26,1809-03-03,,Republican,8,,,,,,,,,,,,
911,V000022,rep,NY,1793-12-02,1795-03-03,,Republican,3,,,,,,,,,,,,
912,V000022,rep,NY,1795-12-07,1797-03-03,,Republican,3,,,,,,,,,,,,
913,V000022,rep,NY,1797-05-15,1799-03-03,,Republican,3,,,,,,,,,,,,
914,V000022,rep,NY,1799-12-02,1801-03-03,,Republican,3,,,,,,,,,,,,
915,V000022,rep,NY,1801-12-07,1803-03-03,,Republican,3,,,,,,,,,,,,
916,V000022,rep,NY,1803-10-17,1805-03-03,,Republican,4,,,,,,,,,,,,
917,V000022,rep,NY,1805-12-02,1807-03-03,,Republican,4,,,,,,,,,,,,
918,V000022,rep,NY,1807-10-26,1809-03-03,,Republican,4,,,,,,,,,,,,
919,V000088,rep,NY,1803-10-17,1805-03-03,,Republican,6,,,,,,,,,,,,
920,V000088,rep,NY,1805-12-02,1807-03-03,,Republican,6,,,,,,,,,,,,
921,V000088,rep,NY,1807-10-26,1809-03-03,,Republican,6,,,,,,,,,,,,
922,W000454,rep,RI,1807-10-26,1809-03-03,,Republican,-1,,,,,,,,,,,,
923,W000529,rep,NC,1803-10-17,1805-03-03,,Republican,9,,,,,,,,,,,,
924,W000529,rep,NC,1805-12-02,1807-03-03,,Republican,9,,,,,,,,,,,,
925,W000529,rep,NC,1807-10-26,1809-03-03,,Republican,9,,,,,,,,,,,,
926,W000568,rep,VA,1803-10-17,1805-03-03,,Republican,5,,,,,,,,,,,,
927,W000568,rep,VA,1805-12-02,1807-03-03,,Republican,5,,,,,,,,,,,,
928,W000568,rep,VA,1807-10-26,1809-03-03,,Republican,5,,,,,,,,,,,,
929,W000606,rep,NY,1807-10-26,1809-03-03,,Republican,12,,,,,,,,,,,,
930,W000657,rep,VT,1807-10-26,1809-03-03,,Republican,1,,,,,,,,,,,,
931,M000633,sen,OH,1808-12-12,1809-03-03,1,Republican,,,,,,,,,,,,,
932,M000633,sen,OH,1809-03-04,1810-12-08,1,Republican,,,,,,,,,,,,,
933,M000043,rep,VA,1789-03-04,1791-03-03,,Republican,5,,,,,,,,,,,,
934,M000043,rep,VA,1791-10-24,1793-03-03,,Republican,5,,,,,,,,,,,,
935,M000043,rep,VA,1793-12-02,1795-03-03,,Republican,15,,,,,,,,,,,,
936,M000043,rep,VA,1795-12-07,1797-03-03,,Republican,15,,,,,,,,,,,,
937,A000136,rep,MA,1809-05-22,1811-03-03,,Federalist,10,,,,,,,,,,,,
938,A000165,rep,SC,1807-10-26,1809-03-03,,Republican,8,,,,,,,,,,,,
939,A000165,rep,SC,1809-05-22,1811-03-03,,Republican,8,,,,,,,,,,,,
940,A000197,sen,TN,1797-05-15,1799-03-03,2,Republican,,,,,,,,,,,,,
941,A000197,sen,TN,1799-12-02,1803-03-03,1,Republican,,,,,,,,,,,,,
942,A000197,sen,TN,1803-10-17,1809-03-03,1,Republican,,,,,,,,,,,,,
943,A000197,sen,TN,1809-05-22,1815-03-03,1,Republican,,,,,,,,,,,,,
944,B000530,rep,NH,1809-05-22,1811-03-03,,Federalist,-1,,,,,,,,,,,,
945,B000802,rep,VA,1795-12-07,1797-03-03,,Republican,17,,,,,,,,,,,,
946,B000802,rep,VA,1797-05-15,1799-03-03,,Republican,17,,,,,,,,,,,,
947,B000802,rep,VA,1801-12-07,1803-03-03,,Republican,17,,,,,,,,,,,,
948,B000802,sen,VA,1809-05-22,1815-03-03,1,Republican,,,,,,,,,,,,,
949,B000928,rep,MD,1809-05-22,1811-03-03,,Republican,7,,,,,,,,,,,,
950,C000045,rep,SC,1807-10-26,1809-03-03,,Republican,6,,,,,,,,,,,,
951,C000045,rep,SC,1809-05-22,1811-03-03,,Republican,6,,,,,,,,,,,,
952,C000076,sen,OH,1809-05-22,1813-03-03,3,Republican,,,,,,,,,,,,,
953,C000091,rep,MD,1801-12-07,1803-03-03,,Federalist,1,,,,,,,,,,,,
954,C000091,rep,MD,1803-10-17,1805-03-03,,Federalist,1,,,,,,,,,,,,
955,C000091,rep,MD,1805-12-02,1807-03-03,,Federalist,1,,,,,,,,,,,,
956,C000091,rep,MD,1807-10-26,1809-03-03,,Federalist,1,,,,,,,,,,,,
957,C000091,rep,MD,1809-05-22,1811-03-03,,Federalist,1,,,,,,,,,,,,
958,C000279,rep,NH,1809-05-22,1811-03-03,,Federalist,-1,,,,,,,,,,,,
959,C000280,rep,VT,1803-10-17,1805-03-03,,Federalist,3,,,,,,,,,,,,
960,C000280,rep,VT,1809-05-22,1811-03-03,,Federalist,3,,,,,,,,,,,,
961,C000289,rep,RI,1797-05-15,1799-03-03,,Federalist,-1,,,,,,,,,,,,
962,C000289,rep,RI,1799-12-02,1801-03-03,,Federalist,-1,,,,,,,,,,,,
963,C000289,sen,RI,1809-05-22,1811-12-31,1,Federalist,,,,,,,,,,,,,
964,C000723,rep,MA,1805-12-02,1807-03-03,,Republican,16,,,,,,,,,,,,
965,C000723,rep,MA,1807-10-26,1809-03-03,,Republican,16,,,,,,,,,,,,
966,C000723,rep,MA,1809-05-22,1811-03-03,,Republican,16,,,,,,,,,,,,
967,C000834,rep,NJ,1809-05-22,1811-03-03,,Republican,-1,,,,,,,,,,,,
968,C000910,rep,KY,1809-05-22,1811-03-03,,Republican,3,,,,,,,,,,,,
969,D000240,rep,NY,1809-05-22,1811-03-03,,,-1,,,,,,,,,,,,
970,G000049,rep,NY,1807-10-26,1809-03-03,,Federalist,7,,,,,,,,,,,,
971,G000049,rep,NY,1809-05-22,1811-03-03,,Federalist,5,,,,,,,,,,,,
972,G000054,rep,MA,1809-05-22,1811-03-03,,Republican,8,,,,,,,,,,,,
973,G000066,rep,VA,1809-05-22,1811-03-03,,Republican,21,,,,,,,,,,,,
974,G000136,sen,NY,1809-05-22,1815-03-03,1,Republican,,,,,,,,,,,,,
975,G000489,sen,OH,1809-05-22,1809-12-31,3,Republican,,,,,,,,,,,,,
976,H000354,rep,NH,1809-05-22,1811-03-03,,Federalist,-1,,,,,,,,,,,,
977,H000464,rep,NJ,1801-12-07,1803-03-03,,Republican,-1,,,,,,,,,,,,
978,H000464,rep,NJ,1803-10-17,1805-03-03,,Republican,-1,,,,,,,,,,,,
979,H000464,rep,NJ,1805-12-02,1807-03-03,,Republican,-1,,,,,,,,,,,,
980,H000464,rep,NJ,1807-10-26,1809-03-03,,Republican,-1,,,,,,,,,,,,
981,H000464,rep,NJ,1809-05-22,1811-03-03,,Republican,-1,,,,,,,,,,,,
982,H000571,rep,PA,1809-05-22,1811-03-03,,Republican,3,,,,,,,,,,,,
983,H000618,rep,CT,1791-10-24,1793-03-03,,,-1,,,,,,,,,,,,
984,H000618,rep,CT,1793-12-02,1795-03-03,,,-1,,,,,,,,,,,,
985,H000618,rep,CT,1795-12-07,1796-05-18,,Federalist,-1,,,,,,,,,,,,
986,H000618,sen,CT,1796-05-18,1797-03-03,1,Federalist,,,,,,,,,,,,,
987,H000618,sen,CT,1797-03-04,1803-03-03,1,Federalist,,,,,,,,,,,,,
988,H000618,sen,CT,1803-03-04,1809-03-03,1,Federalist,,,,,,,,,,,,,
989,H000618,sen,CT,1809-05-22,1810-06-10,1,Federalist,,,,,,,,,,,,,
990,H000718,rep,NC,1795-12-07,1797-03-03,,Republican,1,,,,,,,,,,,,
991,H000718,rep,NC,1801-12-07,1803-03-03,,Republican,1,,,,,,,,,,,,
992,H000718,rep,NC,1803-10-17,1805-03-03,,Republican,11,,,,,,,,,,,,
993,H000718,rep,NC,1805-12-02,1807-03-03,,Republican,11,,,,,,,,,,,,
994,H000718,rep,NC,1807-10-26,1809-03-03,,Republican,11,,,,,,,,,,,,
995,H000718,rep,NC,1809-05-22,1811-03-03,,Republican,11,,,,,,,,,,,,
996,H000834,rep,KY,1807-10-26,1809-03-03,,Republican,5,,,,,,,,,,,,
997,H000834,rep,KY,1809-05-22,1811-03-03,,Republican,5,,,,,,,,,,,,
998,H000886,rep,VT,1809-05-22,1811-03-03,,Federalist,2,,,,,,,,,,,,
999,J000087,rep,PA,1807-10-26,1809-03-03,,Federalist,3,,,,,,,,,,,,
1000,J000087,rep,PA,1809-05-22,1811-03-03,,Federalist,3,,,,,,,,,,,,